Workbook
Name Slicer_Age_Group: #N/A
Name Slicer_Attendance_Rate_Percent: #N/A
Name Slicer_Attrition_Rate1: #N/A
Name Slicer_Department_name: #N/A
Name Slicer_Job_Title: #N/A
Name Slicer_Location_name: #N/A
Name Slicer_Performance_Level: #N/A
Name Slicer_Salary_Band: #N/A
Name Slicer_TOTAL_EMPLOYEES: #N/A

Sheet Departments
A1: Department_ID | B1: Department_Name
A2: D01 | B2: Sales
A3: D02 | B3: HR
A4: D03 | B4: Finance
A5: D04 | B5: IT
A6: D05 | B6: Marketing
A7: D06 | B7: Operations
A8: D07 | B8: Customer Support

Sheet Sheet1
A3: Row Labels | B3: Count of Gender
A4: D01 | B4: 360
A5: D02 | B5: 337
A6: D03 | B6: 342
A7: D04 | B7: 375
A8: D05 | B8: 367
A9: D06 | B9: 369
A10: D07 | B10: 350
A11: (blank)
A12: Grand Total | B12: 2500

Sheet Employee
A1: Employee_ID | B1: Employee_Name | C1: Department_name | D1: Department_ID | E1: Location_name | F1: Location_ID | G1: Job_Title | H1: Salary_Band | I1: Employment_Type | J1: Gender | K1: Age_Group | L1: Hire_Date | M1: Attendance_Rate_Percent | N1: Performance_Score | O1: Performance_Level | P1: Review_Status | Q1: Manager_Rating | R1: Training_Hours | S1: Attrition_status | T1: Exit_Date | U1: Manager_ID
A2: 303520 | B2: Zaid Al Falasi | C2: =_xlfn.XLOOKUP(D2,Departments!$A$2:$A$8,Departments!$B$2:$B$8) -> Operations | D2: D06 | E2: {=_xlfn.XLOOKUP(F2,Locations!$A$2:$A$6,Locations!$B$2:$B$6,NOT FOUND)} -> Dubai | F2: L01 | G2: Accountant | H2: Band 2 | I2: Full-Time | J2: Male | K2: 30-39 | L2: 2021-03-16 | M2: 78.51 | N2: 68 | O2: Low | P2: Not Due | S2: Active
A3: 303521 | B3: Hassan Shaikh | C3: =_xlfn.XLOOKUP(D3,Departments!$A$2:$A$8,Departments!$B$2:$B$8) -> Sales | D3: D01 | E3: {=_xlfn.XLOOKUP(F3,Locations!$A$2:$A$6,Locations!$B$2:$B$6,NOT FOUND)} -> Ajman | F3: L04 | G3: Marketing Specialist | H3: Band 4 | I3: Part-Time | J3: Female | K3: 30-39 | L3: 2024-02-19 | M3: 75.63 | N3: 67 | O3: Low | P3: Completed | Q3: 2 | S3: Active
A4: 303522 | B4: Omar Al Falasi | C4: =_xlfn.XLOOKUP(D4,Departments!$A$2:$A$8,Departments!$B$2:$B$8) -> HR | D4: D02 | E4: {=_xlfn.XLOOKUP(F4,Locations!$A$2:$A$6,Locations!$B$2:$B$6,NOT FOUND)} -> Sharjah | F4: L03 | G4: Sales Manager | H4: Band 4 | I4: Contract | J4: Female | K4: 30-39 | L4: 2022-08-28 | M4: 82.67 | N4: 71 | O4: Low | P4: Not Due | R4: 9 | S4: Active
A5: 303523 | B5: Imran Shaikh | C5: =_xlfn.XLOOKUP(D5,Departments!$A$2:$A$8,Departments!$B$2:$B$8) -> Sales | D5: D01 | E5: {=_xlfn.XLOOKUP(F5,Locations!$A$2:$A$6,Locations!$B$2:$B$6,NOT FOUND)} -> Al Ain | F5: L05 | G5: HR Manager | H5: Band 4 | I5: Full-Time | J5: Female | K5: 30-39 | L5: 2021-03-29 | M5: 98.48 | N5: 92 | O5: High | P5: Pending | R5: 23 | S5: Active
A6: 303524 | B6: Layla Al Falasi | C6: =_xlfn.XLOOKUP(D6,Departments!$A$2:$A$8,Departments!$B$2:$B$8) -> Customer Support | D6: D07 | E6: {=_xlfn.XLOOKUP(F6,Locations!$A$2:$A$6,Locations!$B$2:$B$6,NOT FOUND)} -> Dubai | F6: L01 | G6: Sales Executive | H6: Band 4 | I6: Full-Time | J6: Female | K6: 20-29 | L6: 2023-02-20 | M6: 75.03 | N6: 59 | O6: Average | P6: Completed | Q6: 5 | R6: 13 | S6: Resigned | T6: 2024-12-27
A7: 303525 | B7: Ali Farooq | C7: =_xlfn.XLOOKUP(D7,Departments!$A$2:$A$8,Departments!$B$2:$B$8) -> Marketing | D7: D05 | E7: {=_xlfn.XLOOKUP(F7,Locations!$A$2:$A$6,Locations!$B$2:$B$6,NOT FOUND)} -> Abu Dhabi | F7: L02 | G7: HR Executive | H7: Band 3 | I7: Part-Time | J7: Male | K7: 50+ | L7: 2023-04-29 | M7: 78.82 | N7: 78 | O7: Average | P7: Pending | R7: 16 | S7: Resigned | T7: 2024-01-03
A8: 303526 | B8: Samir Khan | C8: =_xlfn.XLOOKUP(D8,Departments!$A$2:$A$8,Departments!$B$2:$B$8) -> Marketing | D8: D05 | E8: {=_xlfn.XLOOKUP(F8,Locations!$A$2:$A$6,Locations!$B$2:$B$6,NOT FOUND)} -> Sharjah | F8: L03 | G8: Operations Coordinator | H8: Band 3 | I8: Part-Time | J8: Female | K8: 40-49 | L8: 2023-12-13 | M8: 77.07 | N8: 52 | O8: Low | P8: Completed | Q8: 4 | R8: 18 | S8: Active
A9: 303527 | B9: Omar Menon | C9: =_xlfn.XLOOKUP(D9,Departments!$A$2:$A$8,Departments!$B$2:$B$8) -> Finance | D9: D03 | E9: {=_xlfn.XLOOKUP(F9,Locations!$A$2:$A$6,Locations!$B$2:$B$6,NOT FOUND)} -> Dubai | F9: L01 | G9: Software Engineer | H9: Band 3 | I9: Full-Time | J9: Male | K9: 50+ | L9: 2021-07-13 | M9: 91.05 | N9: 73 | O9: Average | P9: Completed | Q9: 4 | R9: 8 | S9: Active
A10: 303528 | B10: Rashid Hussain | C10: =_xlfn.XLOOKUP(D10,Departments!$A$2:$A$8,Departments!$B$2:$B$8) -> Finance | D10: D03 | E10: {=_xlfn.XLOOKUP(F10,Locations!$A$2:$A$6,Locations!$B$2:$B$6,NOT FOUND)} -> Ajman | F10: L04 | G10: HR Manager | H10: Band 1 | I10: Contract | J10: Female | K10: 40-49 | L10: 2024-01-01 | M10: 92.94 | N10: 85 | O10: High | P10: Pending | R10: 18 | S10: Resigned | T10: 2026-08-07
A11: 303529 | B11: Ahmed Gupta | C11: =_xlfn.XLOOKUP(D11,Departments!$A$2:$A$8,Departments!$B$2:$B$8) -> IT | D11: D04 | E11: {=_xlfn.XLOOKUP(F11,Locations!$A$2:$A$6,Locations!$B$2:$B$6,NOT FOUND)} -> Ajman | F11: L04 | G11: HR Executive | H11: Band 1 | I11: Full-Time | J11: Female | K11: 40-49 | L11: 2023-10-07 | M11: 76.71 | N11: 62 | O11: Average | P11: Completed | Q11: 3 | R11: 32 | S11: Active
A12: 303530 | B12: Karim Aziz | C12: =_xlfn.XLOOKUP(D12,Departments!$A$2:$A$8,Departments!$B$2:$B$8) -> IT | D12: D04 | E12: {=_xlfn.XLOOKUP(F12,Locations!$A$2:$A$6,Locations!$B$2:$B$6,NOT FOUND)} -> Sharjah | F12: L03 | G12: HR Manager | H12: Band 3 | I12: Part-Time | J12: Male | K12: 20-29 | L12: 2022-04-04 | M12: 90.1 | N12: 88 | O12: Average | P12: Completed | Q12: 3 | S12: Active | U12: 303525
A13: 303531 | B13: Ali Hussain | C13: =_xlfn.XLOOKUP(D13,Departments!$A$2:$A$8,Departments!$B$2:$B$8) -> IT | D13: D04 | E13: {=_xlfn.XLOOKUP(F13,Locations!$A$2:$A$6,Locations!$B$2:$B$6,NOT FOUND)} -> Abu Dhabi | F13: L02 | G13: HR Manager | H13: Band 1 | I13: Contract | J13: Female | K13: 40-49 | L13: 2024-03-23 | M13: 80.31 | N13: 71 | O13: Low | P13: Completed | Q13: 2 | R13: 24 | S13: Resigned | T13: 2025-09-24 | U13: 303527
A14: 303532 | B14: Ahmed Menon | C14: =_xlfn.XLOOKUP(D14,Departments!$A$2:$A$8,Departments!$B$2:$B$8) -> Sales | D14: D01 | E14: {=_xlfn.XLOOKUP(F14,Locations!$A$2:$A$6,Locations!$B$2:$B$6,NOT FOUND)} -> Dubai | F14: L01 | G14: HR Manager | H14: Band 3 | I14: Full-Time | J14: Male | K14: 40-49 | L14: 2023-08-13 | M14: 85.08 | N14: 87 | O14: High | P14: Completed | Q14: 5 | R14: 15 | S14: Active | U14: 303526
A15: 303533 | B15: Karim Al Nuaimi | C15: =_xlfn.XLOOKUP(D15,Departments!$A$2:$A$8,Departments!$B$2:$B$8) -> HR | D15: D02 | E15: {=_xlfn.XLOOKUP(F15,Locations!$A$2:$A$6,Locations!$B$2:$B$6,NOT FOUND)} -> Al Ain | F15: L05 | G15: Sales Executive | H15: Band 1 | I15: Full-Time | J15: Male | K15: 50+ | L15: 2023-02-25 | M15: 79.62 | N15: 79 | O15: Low | P15: Completed | Q15: 2 | S15: Active | U15: 303525
A16: 303534 | B16: Karim Al Falasi | C16: =_xlfn.XLOOKUP(D16,Departments!$A$2:$A$8,Departments!$B$2:$B$8) -> HR | D16: D02 | E16: {=_xlfn.XLOOKUP(F16,Locations!$A$2:$A$6,Locations!$B$2:$B$6,NOT FOUND)} -> Sharjah | F16: L03 | G16: HR Executive | H16: Band 3 | I16: Contract | J16: Female | K16: 50+ | L16: 2022-12-21 | M16: 99.87 | N16: 96 | O16: Average | P16: Pending | R16: 20 | S16: Active | U16: 303526
A17: 303535 | B17: Imran Shaikh | C17: =_xlfn.XLOOKUP(D17,Departments!$A$2:$A$8,Departments!$B$2:$B$8) -> Finance | D17: D03 | E17: {=_xlfn.XLOOKUP(F17,Locations!$A$2:$A$6,Locations!$B$2:$B$6,NOT FOUND)} -> Al Ain | F17: L05 | G17: Sales Manager | H17: Band 2 | I17: Part-Time | J17: Female | K17: 30-39 | L17: 2021-09-14 | M17: 97.83 | N17: 88 | O17: High | P17: Completed | Q17: 4 | R17: 24 | S17: Active | U17: 303534
A18: 303536 | B18: Mohammed Gupta | C18: =_xlfn.XLOOKUP(D18,Departments!$A$2:$A$8,Departments!$B$2:$B$8) -> IT | D18: D04 | E18: {=_xlfn.XLOOKUP(F18,Locations!$A$2:$A$6,Locations!$B$2:$B$6,NOT FOUND)} -> Abu Dhabi | F18: L02 | G18: Sales Executive | H18: Band 3 | I18: Full-Time | J18: Male | K18: 30-39 | L18: 2024-03-23 | M18: 81.35 | N18: 74 | O18: Low | P18: Completed | Q18: 2 | R18: 26 | S18: Active | U18: 303530
A19: 303537 | B19: Layla Fernandez | C19: =_xlfn.XLOOKUP(D19,Departments!$A$2:$A$8,Departments!$B$2:$B$8) -> Finance | D19: D03 | E19: {=_xlfn.XLOOKUP(F19,Locations!$A$2:$A$6,Locations!$B$2:$B$6,NOT FOUND)} -> Al Ain | F19: L05 | G19: Marketing Specialist | H19: Band 2 | I19: Part-Time | J19: Female | K19: 20-29 | L19: 2022-08-29 | M19: 87.99 | N19: 71 | O19: High | P19: Completed | Q19: 5 | R19: 31 | S19: Resigned | T19: 2023-11-25 | U19: 303529
A20: 303538 | B20: Samir Nair | C20: =_xlfn.XLOOKUP(D20,Departments!$A$2:$A$8,Departments!$B$2:$B$8) -> Operations | D20: D06 | E20: {=_xlfn.XLOOKUP(F20,Locations!$A$2:$A$6,Locations!$B$2:$B$6,NOT FOUND)} -> Abu Dhabi | F20: L02 | G20: HR Manager | H20: Band 2 | I20: Full-Time | J20: Male | K20: 50+ | L20: 2021-12-17 | M20: 76.15 | N20: 75 | O20: Average | P20: Not Due | R20: 18 | S20: Resigned | T20: 2023-07-27 | U20: 303523
A21: 303539 | B21: Zaid Hussain | C21: =_xlfn.XLOOKUP(D21,Departments!$A$2:$A$8,Departments!$B$2:$B$8) -> Customer Support | D21: D07 | E21: {=_xlfn.XLOOKUP(F21,Locations!$A$2:$A$6,Locations!$B$2:$B$6,NOT FOUND)} -> Dubai | F21: L01 | G21: Customer Support Agent | H21: Band 4 | I21: Contract | J21: Male | K21: 20-29 | L21: 2022-12-09 | M21: 98.33 | N21: 90 | O21: High | P21: Pending | R21: 34 | S21: Resigned | T21: 2025-05-31 | U21: 303530
A22: 303540 | B22: Khalid Farooq | C22: =_xlfn.XLOOKUP(D22,Departments!$A$2:$A$8,Departments!$B$2:$B$8) -> IT | D22: D04 | E22: {=_xlfn.XLOOKUP(F22,Locations!$A$2:$A$6,Locations!$B$2:$B$6,NOT FOUND)} -> Sharjah | F22: L03 | G22: Accountant | H22: Band 3 | I22: Part-Time | J22: Male | K22: 40-49 | L22: 2024-02-21 | M22: 97.22 | N22: 94 | O22: High | P22: Completed | Q22: 5 | R22: 30 | S22: Active | U22: 303534
A23: 303541 | B23: Samir Al Nuaimi | C23: =_xlfn.XLOOKUP(D23,Departments!$A$2:$A$8,Departments!$B$2:$B$8) -> Marketing | D23: D05 | E23: {=_xlfn.XLOOKUP(F23,Locations!$A$2:$A$6,Locations!$B$2:$B$6,NOT FOUND)} -> Ajman | F23: L04 | G23: Finance Analyst | H23: Band 1 | I23: Contract | J23: Female | K23: 20-29 | L23: 2022-07-11 | M23: 79.79 | N23: 74 | O23: Low | P23: Pending | R23: 18 | S23: Active | U23: 303521
A24: 303542 | B24: Nadia Shaikh | C24: =_xlfn.XLOOKUP(D24,Departments!$A$2:$A$8,Departments!$B$2:$B$8) -> HR | D24: D02 | E24: {=_xlfn.XLOOKUP(F24,Locations!$A$2:$A$6,Locations!$B$2:$B$6,NOT FOUND)} -> Dubai | F24: L01 | G24: Sales Manager | H24: Band 1 | I24: Contract | J24: Male | K24: 20-29 | L24: 2021-05-13 | M24: 91.65 | N24: 73 | O24: High | P24: Completed | Q24: 5 | R24: 38 | S24: Active | U24: 303522
A25: 303543 | B25: Yusuf Joseph | C25: =_xlfn.XLOOKUP(D25,Departments!$A$2:$A$8,Departments!$B$2:$B$8) -> HR | D25: D02 | E25: {=_xlfn.XLOOKUP(F25,Locations!$A$2:$A$6,Locations!$B$2:$B$6,NOT FOUND)} -> Al Ain | F25: L05 | G25: Customer Support Agent | H25: Band 4 | I25: Part-Time | J25: Female | K25: 40-49 | L25: 2023-05-16 | M25: 82.84 | N25: 57 | O25: Average | P25: Pending | R25: 7 | S25: Active | U25: 303538
A26: 303544 | B26: Noor Fernandez | C26: =_xlfn.XLOOKUP(D26,Departments!$A$2:$A$8,Departments!$B$2:$B$8) -> Operations | D26: D06 | E26: {=_xlfn.XLOOKUP(F26,Locations!$A$2:$A$6,Locations!$B$2:$B$6,NOT FOUND)} -> Al Ain | F26: L05 | G26: HR Executive | H26: Band 2 | I26: Contract | J26: Male | K26: 20-29 | L26: 2023-01-12 | M26: 92.25 | N26: 73 | O26: Average | P26: Pending | R26: 11 | S26: Active | U26: 303525
A27: 303545 | B27: Samir Aziz | C27: =_xlfn.XLOOKUP(D27,Departments!$A$2:$A$8,Departments!$B$2:$B$8) -> Operations | D27: D06 | E27: {=_xlfn.XLOOKUP(F27,Locations!$A$2:$A$6,Locations!$B$2:$B$6,NOT FOUND)} -> Al Ain | F27: L05 | G27: Software Engineer | H27: Band 4 | I27: Contract | J27: Female | K27: 40-49 | L27: 2024-01-17 | M27: 76.69 | N27: 70 | O27: Average | P27: Pending | R27: 25 | S27: Active | U27: 303534
A28: 303546 | B28: Hassan Al Falasi | C28: =_xlfn.XLOOKUP(D28,Departments!$A$2:$A$8,Departments!$B$2:$B$8) -> Marketing | D28: D05 | E28: {=_xlfn.XLOOKUP(F28,Locations!$A$2:$A$6,Locations!$B$2:$B$6,NOT FOUND)} -> Ajman | F28: L04 | G28: Sales Executive | H28: Band 4 | I28: Part-Time | J28: Male | K28: 40-49 | L28: 2021-07-06 | M28: 78.33 | N28: 52 | O28: Low | P28: Completed | Q28: 2 | R28: 35 | S28: Active | U28: 303543
A29: 303547 | B29: Layla D'Souza | C29: =_xlfn.XLOOKUP(D29,Departments!$A$2:$A$8,Departments!$B$2:$B$8) -> Operations | D29: D06 | E29: {=_xlfn.XLOOKUP(F29,Locations!$A$2:$A$6,Locations!$B$2:$B$6,NOT FOUND)} -> Dubai | F29: L01 | G29: Accountant | H29: Band 1 | I29: Part-Time | J29: Male | K29: 50+ | L29: 2023-03-04 | M29: 93.8 | N29: 70 | O29: High | P29: Pending | R29: 17 | S29: Resigned | T29: 2024-02-04 | U29: 303542
A30: 303548 | B30: Sara Sharma | C30: =_xlfn.XLOOKUP(D30,Departments!$A$2:$A$8,Departments!$B$2:$B$8) -> Customer Support | D30: D07 | E30: {=_xlfn.XLOOKUP(F30,Locations!$A$2:$A$6,Locations!$B$2:$B$6,NOT FOUND)} -> Al Ain | F30: L05 | G30: HR Manager | H30: Band 1 | I30: Contract | J30: Female | K30: 30-39 | L30: 2024-01-05 | M30: 77.91 | N30: 79 | O30: Average | P30: Not Due | R30: 5 | S30: Active | U30: 303544
A31: 303549 | B31: Nadia Gupta | C31: =_xlfn.XLOOKUP(D31,Departments!$A$2:$A$8,Departments!$B$2:$B$8) -> IT | D31: D04 | E31: {=_xlfn.XLOOKUP(F31,Locations!$A$2:$A$6,Locations!$B$2:$B$6,NOT FOUND)} -> Ajman | F31: L04 | G31: IT Support Engineer | H31: Band 2 | I31: Part-Time | J31: Male | K31: 30-39 | L31: 2022-02-05 | M31: 98.69 | N31: 96 | O31: Average | P31: Pending | R31: 15 | S31: Resigned | T31: 2024-06-27 | U31: 303521
A32: 303550 | B32: Mohammed Fernandez | C32: =_xlfn.XLOOKUP(D32,Departments!$A$2:$A$8,Departments!$B$2:$B$8) -> HR | D32: D02 | E32: {=_xlfn.XLOOKUP(F32,Locations!$A$2:$A$6,Locations!$B$2:$B$6,NOT FOUND)} -> Abu Dhabi | F32: L02 | G32: Finance Analyst | H32: Band 2 | I32: Contract | J32: Female | K32: 40-49 | L32: 2022-01-15 | M32: 97.86 | N32: 90 | O32: Average | P32: Completed | Q32: 4 | R32: 5 | S32: Terminated | T32: 2024-04-17 | U32: 303533
A33: 303551 | B33: Khalid Khan | C33: =_xlfn.XLOOKUP(D33,Departments!$A$2:$A$8,Departments!$B$2:$B$8) -> Operations | D33: D06 | E33: {=_xlfn.XLOOKUP(F33,Locations!$A$2:$A$6,Locations!$B$2:$B$6,NOT FOUND)} -> Ajman | F33: L04 | G33: Sales Manager | H33: Band 2 | I33: Contract | J33: Male | K33: 30-39 | L33: 2021-03-26 | M33: 97 | N33: 93 | O33: Average | P33: Completed | Q33: 3 | R33: 11 | S33: Resigned | T33: 2023-09-30 | U33: 303530
A34: 303552 | B34: Ali Khan | C34: =_xlfn.XLOOKUP(D34,Departments!$A$2:$A$8,Departments!$B$2:$B$8) -> Sales | D34: D01 | E34: {=_xlfn.XLOOKUP(F34,Locations!$A$2:$A$6,Locations!$B$2:$B$6,NOT FOUND)} -> Abu Dhabi | F34: L02 | G34: Customer Support Agent | H34: Band 2 | I34: Part-Time | J34: Male | K34: 40-49 | L34: 2021-12-13 | M34: 95.88 | N34: 92 | O34: Average | P34: Pending | R34: 7 | S34: Active | U34: 303527
A35: 303553 | B35: Zaid Farooq | C35: =_xlfn.XLOOKUP(D35,Departments!$A$2:$A$8,Departments!$B$2:$B$8) -> Marketing | D35: D05 | E35: {=_xlfn.XLOOKUP(F35,Locations!$A$2:$A$6,Locations!$B$2:$B$6,NOT FOUND)} -> Abu Dhabi | F35: L02 | G35: Finance Analyst | H35: Band 2 | I35: Part-Time | J35: Female | K35: 50+ | L35: 2024-02-29 | M35: 90.91 | N35: 75 | O35: High | P35: Completed | Q35: 3 | R35: 25 | S35: Active | U35: 303523
A36: 303554 | B36: Karim Khan | C36: =_xlfn.XLOOKUP(D36,Departments!$A$2:$A$8,Departments!$B$2:$B$8) -> HR | D36: D02 | E36: {=_xlfn.XLOOKUP(F36,Locations!$A$2:$A$6,Locations!$B$2:$B$6,NOT FOUND)} -> Abu Dhabi | F36: L02 | G36: Software Engineer | H36: Band 4 | I36: Full-Time | J36: Male | K36: 20-29 | L36: 2021-11-08 | M36: 94.71 | N36: 88 | O36: High | P36: Completed | Q36: 2 | R36: 17 | S36: Active | U36: 303527
A37: 303555 | B37: Sara Patel | C37: =_xlfn.XLOOKUP(D37,Departments!$A$2:$A$8,Departments!$B$2:$B$8) -> Finance | D37: D03 | E37: {=_xlfn.XLOOKUP(F37,Locations!$A$2:$A$6,Locations!$B$2:$B$6,NOT FOUND)} -> Al Ain | F37: L05 | G37: Operations Coordinator | H37: Band 4 | I37: Contract | J37: Female | K37: 40-49 | L37: 2022-06-25 | M37: 94.17 | N37: 77 | O37: High | P37: Completed | Q37: 4 | R37: 16 | S37: Resigned | T37: 2023-10-18 | U37: 303551
A38: 303556 | B38: Bilal Al Mansoori | C38: =_xlfn.XLOOKUP(D38,Departments!$A$2:$A$8,Departments!$B$2:$B$8) -> Sales | D38: D01 | E38: {=_xlfn.XLOOKUP(F38,Locations!$A$2:$A$6,Locations!$B$2:$B$6,NOT FOUND)} -> Dubai | F38: L01 | G38: HR Manager | H38: Band 1 | I38: Contract | J38: Female | K38: 30-39 | L38: 2022-08-16 | M38: 82.13 | N38: 52 | O38: Low | P38: Not Due | R38: 19 | S38: Active | U38: 303527
A39: 303557 | B39: Omar Joseph | C39: =_xlfn.XLOOKUP(D39,Departments!$A$2:$A$8,Departments!$B$2:$B$8) -> Sales | D39: D01 | E39: {=_xlfn.XLOOKUP(F39,Locations!$A$2:$A$6,Locations!$B$2:$B$6,NOT FOUND)} -> Dubai | F39: L01 | G39: IT Support Engineer | H39: Band 1 | I39: Full-Time | J39: Female | K39: 30-39 | L39: 2023-04-09 | M39: 83.95 | N39: 51 | O39: Average | P39: Completed | Q39: 4 | R39: 30 | S39: Active | U39: 303551
A40: 303558 | B40: Imran Farooq | C40: =_xlfn.XLOOKUP(D40,Departments!$A$2:$A$8,Departments!$B$2:$B$8) -> Operations | D40: D06 | E40: {=_xlfn.XLOOKUP(F40,Locations!$A$2:$A$6,Locations!$B$2:$B$6,NOT FOUND)} -> Sharjah | F40: L03 | G40: Customer Support Agent | H40: Band 4 | I40: Full-Time | J40: Female | K40: 50+ | L40: 2023-10-15 | M40: 98.06 | N40: 89 | O40: High | P40: Completed | Q40: 3 | R40: 31 | S40: Active | U40: 303521
A41: 303559 | B41: Sara Menon | C41: =_xlfn.XLOOKUP(D41,Departments!$A$2:$A$8,Departments!$B$2:$B$8) -> Operations | D41: D06 | E41: {=_xlfn.XLOOKUP(F41,Locations!$A$2:$A$6,Locations!$B$2:$B$6,NOT FOUND)} -> Ajman | F41: L04 | G41: Finance Analyst | H41: Band 4 | I41: Contract | J41: Male | K41: 20-29 | L41: 2022-06-19 | M41: 89.53 | N41: 80 | O41: High | P41: Completed | Q41: 4 | R41: 5 | S41: Resigned | T41: 2025-02-02 | U41: 303542
A42: 303560 | B42: Imran Al Falasi | C42: =_xlfn.XLOOKUP(D42,Departments!$A$2:$A$8,Departments!$B$2:$B$8) -> Operations | D42: D06 | E42: {=_xlfn.XLOOKUP(F42,Locations!$A$2:$A$6,Locations!$B$2:$B$6,NOT FOUND)} -> Sharjah | F42: L03 | G42: IT Support Engineer | H42: Band 1 | I42: Contract | J42: Female | K42: 20-29 | L42: 2022-02-08 | M42: 84.76 | N42: 52 | O42: Average | P42: Completed | Q42: 5 | R42: 20 | S42: Active | U42: 303555
A43: 303561 | B43: Omar Shaikh | C43: =_xlfn.XLOOKUP(D43,Departments!$A$2:$A$8,Departments!$B$2:$B$8) -> Marketing | D43: D05 | E43: {=_xlfn.XLOOKUP(F43,Locations!$A$2:$A$6,Locations!$B$2:$B$6,NOT FOUND)} -> Dubai | F43: L01 | G43: Sales Executive | H43: Band 3 | I43: Full-Time | J43: Female | K43: 50+ | L43: 2022-02-23 | M43: 91.23 | N43: 79 | O43: High | P43: Not Due | S43: Active | U43: 303532
A44: 303562 | B44: Ali Fernandez | C44: =_xlfn.XLOOKUP(D44,Departments!$A$2:$A$8,Departments!$B$2:$B$8) -> HR | D44: D02 | E44: {=_xlfn.XLOOKUP(F44,Locations!$A$2:$A$6,Locations!$B$2:$B$6,NOT FOUND)} -> Ajman | F44: L04 | G44: Sales Manager | H44: Band 4 | I44: Part-Time | J44: Female | K44: 40-49 | L44: 2021-02-12 | M44: 96.15 | N44: 93 | O44: Average | P44: Not Due | R44: 13 | S44: Resigned | T44: 2023-11-02 | U44: 303550
A45: 303563 | B45: Fatima Haddad | C45: =_xlfn.XLOOKUP(D45,Departments!$A$2:$A$8,Departments!$B$2:$B$8) -> Operations | D45: D06 | E45: {=_xlfn.XLOOKUP(F45,Locations!$A$2:$A$6,Locations!$B$2:$B$6,NOT FOUND)} -> Sharjah | F45: L03 | G45: IT Support Engineer | H45: Band 2 | I45: Contract | J45: Male | K45: 50+ | L45: 2022-05-25 | M45: 75.31 | N45: 51 | O45: Average | P45: Completed | Q45: 5 | R45: 13 | S45: Active | U45: 303557
A46: 303564 | B46: Khalid Shaikh | C46: =_xlfn.XLOOKUP(D46,Departments!$A$2:$A$8,Departments!$B$2:$B$8) -> Customer Support | D46: D07 | E46: {=_xlfn.XLOOKUP(F46,Locations!$A$2:$A$6,Locations!$B$2:$B$6,NOT FOUND)} -> Dubai | F46: L01 | G46: Marketing Specialist | H46: Band 1 | I46: Contract | J46: Female | K46: 20-29 | L46: 2022-07-09 | M46: 98.92 | N46: 87 | O46: Average | P46: Completed | Q46: 2 | R46: 17 | S46: Active | U46: 303529
A47: 303565 | B47: Mariam D'Souza | C47: =_xlfn.XLOOKUP(D47,Departments!$A$2:$A$8,Departments!$B$2:$B$8) -> IT | D47: D04 | E47: {=_xlfn.XLOOKUP(F47,Locations!$A$2:$A$6,Locations!$B$2:$B$6,NOT FOUND)} -> Abu Dhabi | F47: L02 | G47: Finance Analyst | H47: Band 2 | I47: Contract | J47: Male | K47: 40-49 | L47: 2023-12-10 | M47: 76.12 | N47: 50 | O47: Low | P47: Completed | Q47: 3 | S47: Active | U47: 303530
A48: 303566 | B48: Layla Rahman | C48: =_xlfn.XLOOKUP(D48,Departments!$A$2:$A$8,Departments!$B$2:$B$8) -> Sales | D48: D01 | E48: {=_xlfn.XLOOKUP(F48,Locations!$A$2:$A$6,Locations!$B$2:$B$6,NOT FOUND)} -> Dubai | F48: L01 | G48: IT Support Engineer | H48: Band 1 | I48: Contract | J48: Male | K48: 20-29 | L48: 2022-04-21 | M48: 82.59 | N48: 70 | O48: Average | P48: Completed | Q48: 2 | S48: Terminated | T48: 2024-09-29 | U48: 303552
A49: 303567 | B49: Mariam Al Mansoori | C49: =_xlfn.XLOOKUP(D49,Departments!$A$2:$A$8,Departments!$B$2:$B$8) -> Operations | D49: D06 | E49: {=_xlfn.XLOOKUP(F49,Locations!$A$2:$A$6,Locations!$B$2:$B$6,NOT FOUND)} -> Al Ain | F49: L05 | G49: Finance Analyst | H49: Band 3 | I49: Full-Time | J49: Male | K49: 50+ | L49: 2023-10-05 | M49: 81.64 | N49: 72 | O49: Average | P49: Not Due | R49: 14 | S49: Active | U49: 303550
A50: 303568 | B50: Mariam Al Falasi | C50: =_xlfn.XLOOKUP(D50,Departments!$A$2:$A$8,Departments!$B$2:$B$8) -> Operations | D50: D06 | E50: {=_xlfn.XLOOKUP(F50,Locations!$A$2:$A$6,Locations!$B$2:$B$6,NOT FOUND)} -> Dubai | F50: L01 | G50: Customer Support Manager | H50: Band 4 | I50: Part-Time | J50: Female | K50: 30-39 | L50: 2022-01-21 | M50: 97.78 | N50: 91 | O50: Average | P50: Not Due | R50: 38 | S50: Active | U50: 303560
A51: 303569 | B51: Mohammed Shaikh | C51: =_xlfn.XLOOKUP(D51,Departments!$A$2:$A$8,Departments!$B$2:$B$8) -> Marketing | D51: D05 | E51: {=_xlfn.XLOOKUP(F51,Locations!$A$2:$A$6,Locations!$B$2:$B$6,NOT FOUND)} -> Sharjah | F51: L03 | G51: Sales Manager | H51: Band 2 | I51: Full-Time | J51: Female | K51: 40-49 | L51: 2021-09-16 | M51: 96.07 | N51: 92 | O51: Average | P51: Completed | Q51: 3 | R51: 25 | S51: Active | U51: 303557
A52: 303570 | B52: Sara Fernandez | C52: =_xlfn.XLOOKUP(D52,Departments!$A$2:$A$8,Departments!$B$2:$B$8) -> Operations | D52: D06 | E52: {=_xlfn.XLOOKUP(F52,Locations!$A$2:$A$6,Locations!$B$2:$B$6,NOT FOUND)} -> Abu Dhabi | F52: L02 | G52: Customer Support Agent | H52: Band 4 | I52: Contract | J52: Female | K52: 30-39 | L52: 2021-06-01 | M52: 84.74 | N52: 52 | O52: Average | P52: Pending | R52: 13 | S52: Active | U52: 303525
A53: 303571 | B53: Imran Sharma | C53: =_xlfn.XLOOKUP(D53,Departments!$A$2:$A$8,Departments!$B$2:$B$8) -> HR | D53: D02 | E53: {=_xlfn.XLOOKUP(F53,Locations!$A$2:$A$6,Locations!$B$2:$B$6,NOT FOUND)} -> Ajman | F53: L04 | G53: HR Manager | H53: Band 3 | I53: Part-Time | J53: Male | K53: 50+ | L53: 2021-08-21 | M53: 96.24 | N53: 95 | O53: High | P53: Completed | Q53: 2 | R53: 36 | S53: Active | U53: 303527
A54: 303572 | B54: Aisha Al Mansoori | C54: =_xlfn.XLOOKUP(D54,Departments!$A$2:$A$8,Departments!$B$2:$B$8) -> Customer Support | D54: D07 | E54: {=_xlfn.XLOOKUP(F54,Locations!$A$2:$A$6,Locations!$B$2:$B$6,NOT FOUND)} -> Sharjah | F54: L03 | G54: Marketing Specialist | H54: Band 4 | I54: Part-Time | J54: Female | K54: 20-29 | L54: 2024-03-28 | M54: 97.35 | N54: 90 | O54: Average | P54: Completed | Q54: 2 | R54: 32 | S54: Active | U54: 303564
A55: 303573 | B55: Samir Al Falasi | C55: =_xlfn.XLOOKUP(D55,Departments!$A$2:$A$8,Departments!$B$2:$B$8) -> Finance | D55: D03 | E55: {=_xlfn.XLOOKUP(F55,Locations!$A$2:$A$6,Locations!$B$2:$B$6,NOT FOUND)} -> Dubai | F55: L01 | G55: HR Executive | H55: Band 1 | I55: Contract | J55: Male | K55: 40-49 | L55: 2022-05-23 | M55: 93.51 | N55: 73 | O55: Average | P55: Completed | Q55: 3 | R55: 10 | S55: Active | U55: 303526
A56: 303574 | B56: Hassan Al Mansoori | C56: =_xlfn.XLOOKUP(D56,Departments!$A$2:$A$8,Departments!$B$2:$B$8) -> HR | D56: D02 | E56: {=_xlfn.XLOOKUP(F56,Locations!$A$2:$A$6,Locations!$B$2:$B$6,NOT FOUND)} -> Abu Dhabi | F56: L02 | G56: Sales Executive | H56: Band 1 | I56: Contract | J56: Female | K56: 40-49 | L56: 2023-06-01 | M56: 90.34 | N56: 78 | O56: High | P56: Completed | Q56: 3 | R56: 11 | S56: Active | U56: 303573
A57: 303575 | B57: Fatima Hussain | C57: =_xlfn.XLOOKUP(D57,Departments!$A$2:$A$8,Departments!$B$2:$B$8) -> Customer Support | D57: D07 | E57: {=_xlfn.XLOOKUP(F57,Locations!$A$2:$A$6,Locations!$B$2:$B$6,NOT FOUND)} -> Sharjah | F57: L03 | G57: Accountant | H57: Band 2 | I57: Part-Time | J57: Male | K57: 50+ | L57: 2024-01-14 | M57: 97.36 | N57: 90 | O57: Average | P57: Completed | Q57: 5 | R57: 7 | S57: Terminated | T57: 2024-11-23 | U57: 303543
A58: 303576 | B58: Zaid Rahman | C58: =_xlfn.XLOOKUP(D58,Departments!$A$2:$A$8,Departments!$B$2:$B$8) -> HR | D58: D02 | E58: {=_xlfn.XLOOKUP(F58,Locations!$A$2:$A$6,Locations!$B$2:$B$6,NOT FOUND)} -> Sharjah | F58: L03 | G58: Accountant | H58: Band 2 | I58: Full-Time | J58: Male | K58: 20-29 | L58: 2021-07-10 | M58: 95.34 | N58: 87 | O58: High | P58: Completed | Q58: 4 | R58: 39 | S58: Active | U58: 303538
A59: 303577 | B59: Fatima Fernandez | C59: =_xlfn.XLOOKUP(D59,Departments!$A$2:$A$8,Departments!$B$2:$B$8) -> Customer Support | D59: D07 | E59: {=_xlfn.XLOOKUP(F59,Locations!$A$2:$A$6,Locations!$B$2:$B$6,NOT FOUND)} -> Abu Dhabi | F59: L02 | G59: Customer Support Agent | H59: Band 1 | I59: Contract | J59: Male | K59: 40-49 | L59: 2022-01-05 | M59: 84.12 | N59: 73 | O59: Low | P59: Completed | Q59: 4 | R59: 26 | S59: Resigned | T59: 2023-12-20 | U59: 303534
A60: 303578 | B60: Yusuf Haddad | C60: =_xlfn.XLOOKUP(D60,Departments!$A$2:$A$8,Departments!$B$2:$B$8) -> IT | D60: D04 | E60: {=_xlfn.XLOOKUP(F60,Locations!$A$2:$A$6,Locations!$B$2:$B$6,NOT FOUND)} -> Sharjah | F60: L03 | G60: Operations Coordinator | H60: Band 1 | I60: Full-Time | J60: Male | K60: 30-39 | L60: 2021-07-16 | M60: 88.17 | N60: 90 | O60: Average | P60: Completed | Q60: 4 | R60: 17 | S60: Resigned | T60: 2023-01-01 | U60: 303544
A61: 303579 | B61: Noor Al Mansoori | C61: =_xlfn.XLOOKUP(D61,Departments!$A$2:$A$8,Departments!$B$2:$B$8) -> IT | D61: D04 | E61: {=_xlfn.XLOOKUP(F61,Locations!$A$2:$A$6,Locations!$B$2:$B$6,NOT FOUND)} -> Ajman | F61: L04 | G61: Customer Support Agent | H61: Band 2 | I61: Contract | J61: Male | K61: 40-49 | L61: 2022-12-15 | M61: 79.2 | N61: 73 | O61: Average | P61: Not Due | R61: 15 | S61: Active | U61: 303563
A62: 303580 | B62: Samir Sharma | C62: =_xlfn.XLOOKUP(D62,Departments!$A$2:$A$8,Departments!$B$2:$B$8) -> Customer Support | D62: D07 | E62: {=_xlfn.XLOOKUP(F62,Locations!$A$2:$A$6,Locations!$B$2:$B$6,NOT FOUND)} -> Dubai | F62: L01 | G62: Finance Analyst | H62: Band 4 | I62: Full-Time | J62: Female | K62: 50+ | L62: 2021-08-03 | M62: 99.94 | N62: 97 | O62: Average | P62: Not Due | S62: Terminated | T62: 2022-02-06 | U62: 303559
A63: 303581 | B63: Fatima Gupta | C63: =_xlfn.XLOOKUP(D63,Departments!$A$2:$A$8,Departments!$B$2:$B$8) -> Marketing | D63: D05 | E63: {=_xlfn.XLOOKUP(F63,Locations!$A$2:$A$6,Locations!$B$2:$B$6,NOT FOUND)} -> Ajman | F63: L04 | G63: Marketing Specialist | H63: Band 2 | I63: Full-Time | J63: Male | K63: 20-29 | L63: 2023-05-18 | M63: 92.57 | N63: 76 | O63: High | P63: Pending | R63: 38 | S63: Active | U63: 303538
A64: 303582 | B64: Mariam Gupta | C64: =_xlfn.XLOOKUP(D64,Departments!$A$2:$A$8,Departments!$B$2:$B$8) -> Finance | D64: D03 | E64: {=_xlfn.XLOOKUP(F64,Locations!$A$2:$A$6,Locations!$B$2:$B$6,NOT FOUND)} -> Sharjah | F64: L03 | G64: Sales Executive | H64: Band 1 | I64: Part-Time | J64: Male | K64: 30-39 | L64: 2021-06-22 | M64: 88.89 | N64: 82 | O64: Average | P64: Completed | Q64: 3 | R64: 33 | S64: Active | U64: 303529
A65: 303583 | B65: Samir Al Nuaimi | C65: =_xlfn.XLOOKUP(D65,Departments!$A$2:$A$8,Departments!$B$2:$B$8) -> Marketing | D65: D05 | E65: {=_xlfn.XLOOKUP(F65,Locations!$A$2:$A$6,Locations!$B$2:$B$6,NOT FOUND)} -> Dubai | F65: L01 | G65: IT Support Engineer | H65: Band 1 | I65: Full-Time | J65: Male | K65: 40-49 | L65: 2022-07-15 | M65: 98.88 | N65: 100 | O65: High | P65: Completed | Q65: 5 | R65: 30 | S65: Active | U65: 303545
A66: 303584 | B66: Zaid Rahman | C66: =_xlfn.XLOOKUP(D66,Departments!$A$2:$A$8,Departments!$B$2:$B$8) -> Customer Support | D66: D07 | E66: {=_xlfn.XLOOKUP(F66,Locations!$A$2:$A$6,Locations!$B$2:$B$6,NOT FOUND)} -> Dubai | F66: L01 | G66: Marketing Specialist | H66: Band 4 | I66: Contract | J66: Female | K66: 50+ | L66: 2023-05-03 | M66: 96.61 | N66: 92 | O66: High | P66: Not Due | R66: 8 | S66: Active | U66: 303547
A67: 303585 | B67: Yusuf D'Souza | C67: =_xlfn.XLOOKUP(D67,Departments!$A$2:$A$8,Departments!$B$2:$B$8) -> Marketing | D67: D05 | E67: {=_xlfn.XLOOKUP(F67,Locations!$A$2:$A$6,Locations!$B$2:$B$6,NOT FOUND)} -> Al Ain | F67: L05 | G67: Customer Support Manager | H67: Band 2 | I67: Part-Time | J67: Male | K67: 40-49 | L67: 2023-04-20 | M67: 81.39 | N67: 72 | O67: Average | P67: Completed | Q67: 2 | R67: 34 | S67: Active | U67: 303520
A68: 303586 | B68: Mariam Fernandez | C68: =_xlfn.XLOOKUP(D68,Departments!$A$2:$A$8,Departments!$B$2:$B$8) -> Marketing | D68: D05 | E68: {=_xlfn.XLOOKUP(F68,Locations!$A$2:$A$6,Locations!$B$2:$B$6,NOT FOUND)} -> Dubai | F68: L01 | G68: Finance Analyst | H68: Band 4 | I68: Contract | J68: Male | K68: 50+ | L68: 2024-02-21 | M68: 89.96 | N68: 88 | O68: Average | P68: Completed | Q68: 3 | R68: 24 | S68: Active | U68: 303539
A69: 303587 | B69: Yusuf Menon | C69: =_xlfn.XLOOKUP(D69,Departments!$A$2:$A$8,Departments!$B$2:$B$8) -> Finance | D69: D03 | E69: {=_xlfn.XLOOKUP(F69,Locations!$A$2:$A$6,Locations!$B$2:$B$6,NOT FOUND)} -> Al Ain | F69: L05 | G69: HR Executive | H69: Band 2 | I69: Full-Time | J69: Female | K69: 30-39 | L69: 2022-05-23 | M69: 83.31 | N69: 59 | O69: Average | P69: Pending | R69: 12 | S69: Active | U69: 303546
A70: 303588 | B70: Zaid Aziz | C70: =_xlfn.XLOOKUP(D70,Departments!$A$2:$A$8,Departments!$B$2:$B$8) -> Operations | D70: D06 | E70: {=_xlfn.XLOOKUP(F70,Locations!$A$2:$A$6,Locations!$B$2:$B$6,NOT FOUND)} -> Dubai | F70: L01 | G70: Accountant | H70: Band 4 | I70: Contract | J70: Female | K70: 20-29 | L70: 2022-11-04 | M70: 96.32 | N70: 87 | O70: Average | P70: Completed | Q70: 5 | R70: 38 | S70: Active | U70: 303534
A71: 303589 | B71: Samir Rahman | C71: =_xlfn.XLOOKUP(D71,Departments!$A$2:$A$8,Departments!$B$2:$B$8) -> Sales | D71: D01 | E71: {=_xlfn.XLOOKUP(F71,Locations!$A$2:$A$6,Locations!$B$2:$B$6,NOT FOUND)} -> Sharjah | F71: L03 | G71: Accountant | H71: Band 4 | I71: Full-Time | J71: Female | K71: 30-39 | L71: 2023-03-13 | M71: 82.1 | N71: 71 | O71: Average | P71: Not Due | R71: 17 | S71: Active | U71: 303552
A72: 303590 | B72: Aisha Fernandez | C72: =_xlfn.XLOOKUP(D72,Departments!$A$2:$A$8,Departments!$B$2:$B$8) -> IT | D72: D04 | E72: {=_xlfn.XLOOKUP(F72,Locations!$A$2:$A$6,Locations!$B$2:$B$6,NOT FOUND)} -> Ajman | F72: L04 | G72: HR Executive | H72: Band 2 | I72: Contract | J72: Female | K72: 40-49 | L72: 2024-02-05 | M72: 91.85 | N72: 85 | O72: High | P72: Completed | Q72: 4 | R72: 38 | S72: Active | U72: 303563
A73: 303591 | B73: Layla Menon | C73: =_xlfn.XLOOKUP(D73,Departments!$A$2:$A$8,Departments!$B$2:$B$8) -> Customer Support | D73: D07 | E73: {=_xlfn.XLOOKUP(F73,Locations!$A$2:$A$6,Locations!$B$2:$B$6,NOT FOUND)} -> Sharjah | F73: L03 | G73: HR Executive | H73: Band 1 | I73: Contract | J73: Male | K73: 20-29 | L73: 2021-09-26 | M73: 80.17 | N73: 78 | O73: Average | P73: Completed | Q73: 4 | R73: 17 | S73: Active | U73: 303561
A74: 303592 | B74: Khalid Menon | C74: =_xlfn.XLOOKUP(D74,Departments!$A$2:$A$8,Departments!$B$2:$B$8) -> Marketing | D74: D05 | E74: {=_xlfn.XLOOKUP(F74,Locations!$A$2:$A$6,Locations!$B$2:$B$6,NOT FOUND)} -> Sharjah | F74: L03 | G74: IT Support Engineer | H74: Band 3 | I74: Contract | J74: Male | K74: 30-39 | L74: 2023-03-31 | M74: 98.32 | N74: 97 | O74: High | P74: Completed | Q74: 4 | S74: Terminated | T74: 2025-12-04 | U74: 303568
A75: 303593 | B75: Zaid Shaikh | C75: =_xlfn.XLOOKUP(D75,Departments!$A$2:$A$8,Departments!$B$2:$B$8) -> Sales | D75: D01 | E75: {=_xlfn.XLOOKUP(F75,Locations!$A$2:$A$6,Locations!$B$2:$B$6,NOT FOUND)} -> Ajman | F75: L04 | G75: Accountant | H75: Band 3 | I75: Part-Time | J75: Female | K75: 20-29 | L75: 2021-06-16 | M75: 87.77 | N75: 86 | O75: Average | P75: Completed | Q75: 4 | R75: 25 | S75: Active | U75: 303567
A76: 303594 | B76: Aisha Shaikh | C76: =_xlfn.XLOOKUP(D76,Departments!$A$2:$A$8,Departments!$B$2:$B$8) -> Customer Support | D76: D07 | E76: {=_xlfn.XLOOKUP(F76,Locations!$A$2:$A$6,Locations!$B$2:$B$6,NOT FOUND)} -> Abu Dhabi | F76: L02 | G76: Software Engineer | H76: Band 3 | I76: Contract | J76: Female | K76: 50+ | L76: 2022-06-15 | M76: 91.25 | N76: 89 | O76: Average | P76: Completed | Q76: 5 | R76: 26 | S76: Active | U76: 303587
A77: 303595 | B77: Zaid Joseph | C77: =_xlfn.XLOOKUP(D77,Departments!$A$2:$A$8,Departments!$B$2:$B$8) -> Marketing | D77: D05 | E77: {=_xlfn.XLOOKUP(F77,Locations!$A$2:$A$6,Locations!$B$2:$B$6,NOT FOUND)} -> Abu Dhabi | F77: L02 | G77: Customer Support Manager | H77: Band 3 | I77: Part-Time | J77: Male | K77: 40-49 | L77: 2021-08-26 | M77: 92.39 | N77: 90 | O77: High | P77: Pending | R77: 33 | S77: Active | U77: 303566
A78: 303596 | B78: Khalid Fernandez | C78: =_xlfn.XLOOKUP(D78,Departments!$A$2:$A$8,Departments!$B$2:$B$8) -> Marketing | D78: D05 | E78: {=_xlfn.XLOOKUP(F78,Locations!$A$2:$A$6,Locations!$B$2:$B$6,NOT FOUND)} -> Abu Dhabi | F78: L02 | G78: Customer Support Agent | H78: Band 3 | I78: Full-Time | J78: Male | K78: 50+ | L78: 2023-03-11 | M78: 89.32 | N78: 74 | O78: High | P78: Completed | Q78: 3 | R78: 27 | S78: Active | U78: 303533
A79: 303597 | B79: Layla Patel | C79: =_xlfn.XLOOKUP(D79,Departments!$A$2:$A$8,Departments!$B$2:$B$8) -> Sales | D79: D01 | E79: {=_xlfn.XLOOKUP(F79,Locations!$A$2:$A$6,Locations!$B$2:$B$6,NOT FOUND)} -> Sharjah | F79: L03 | G79: Marketing Specialist | H79: Band 1 | I79: Contract | J79: Female | K79: 20-29 | L79: 2023-03-22 | M79: 83.4 | N79: 66 | O79: Low | P79: Pending | R79: 10 | S79: Resigned | T79: 2024-01-30 | U79: 303550
A80: 303598 | B80: Rashid Al Mansoori | C80: =_xlfn.XLOOKUP(D80,Departments!$A$2:$A$8,Departments!$B$2:$B$8) -> Finance | D80: D03 | E80: {=_xlfn.XLOOKUP(F80,Locations!$A$2:$A$6,Locations!$B$2:$B$6,NOT FOUND)} -> Ajman | F80: L04 | G80: HR Executive | H80: Band 2 | I80: Full-Time | J80: Female | K80: 40-49 | L80: 2021-01-21 | M80: 92.47 | N80: 71 | O80: High | P80: Completed | Q80: 5 | R80: 28 | S80: Active | U80: 303545
A81: 303599 | B81: Mohammed Menon | C81: =_xlfn.XLOOKUP(D81,Departments!$A$2:$A$8,Departments!$B$2:$B$8) -> Marketing | D81: D05 | E81: {=_xlfn.XLOOKUP(F81,Locations!$A$2:$A$6,Locations!$B$2:$B$6,NOT FOUND)} -> Abu Dhabi | F81: L02 | G81: Customer Support Manager | H81: Band 1 | I81: Full-Time | J81: Male | K81: 50+ | L81: 2022-10-01 | M81: 77.71 | N81: 61 | O81: Low | P81: Completed | Q81: 2 | R81: 25 | S81: Active | U81: 303564
A82: 303600 | B82: Ahmed Al Nuaimi | C82: =_xlfn.XLOOKUP(D82,Departments!$A$2:$A$8,Departments!$B$2:$B$8) -> Operations | D82: D06 | E82: {=_xlfn.XLOOKUP(F82,Locations!$A$2:$A$6,Locations!$B$2:$B$6,NOT FOUND)} -> Al Ain | F82: L05 | G82: Marketing Specialist | H82: Band 1 | I82: Part-Time | J82: Female | K82: 20-29 | L82: 2022-05-11 | M82: 90.99 | N82: 89 | O82: Average | P82: Completed | Q82: 2 | R82: 18 | S82: Active | U82: 303556
A83: 303601 | B83: Khalid Al Nuaimi | C83: =_xlfn.XLOOKUP(D83,Departments!$A$2:$A$8,Departments!$B$2:$B$8) -> Finance | D83: D03 | E83: {=_xlfn.XLOOKUP(F83,Locations!$A$2:$A$6,Locations!$B$2:$B$6,NOT FOUND)} -> Al Ain | F83: L05 | G83: Marketing Specialist | H83: Band 1 | I83: Full-Time | J83: Male | K83: 20-29 | L83: 2022-07-30 | M83: 84.72 | N83: 67 | O83: Average | P83: Not Due | S83: Active | U83: 303560
A84: 303602 | B84: Mohammed Khan | C84: =_xlfn.XLOOKUP(D84,Departments!$A$2:$A$8,Departments!$B$2:$B$8) -> Marketing | D84: D05 | E84: {=_xlfn.XLOOKUP(F84,Locations!$A$2:$A$6,Locations!$B$2:$B$6,NOT FOUND)} -> Al Ain | F84: L05 | G84: Sales Executive | H84: Band 1 | I84: Contract | J84: Female | K84: 50+ | L84: 2023-07-18 | M84: 80.91 | N84: 78 | O84: Average | P84: Completed | Q84: 2 | R84: 8 | S84: Active | U84: 303555
A85: 303603 | B85: Sara Sharma | C85: =_xlfn.XLOOKUP(D85,Departments!$A$2:$A$8,Departments!$B$2:$B$8) -> Finance | D85: D03 | E85: {=_xlfn.XLOOKUP(F85,Locations!$A$2:$A$6,Locations!$B$2:$B$6,NOT FOUND)} -> Abu Dhabi | F85: L02 | G85: HR Manager | H85: Band 2 | I85: Contract | J85: Female | K85: 30-39 | L85: 2023-03-24 | M85: 99.97 | N85: 85 | O85: Average | P85: Pending | R85: 11 | S85: Active | U85: 303572
A86: 303604 | B86: Bilal D'Souza | C86: =_xlfn.XLOOKUP(D86,Departments!$A$2:$A$8,Departments!$B$2:$B$8) -> Operations | D86: D06 | E86: {=_xlfn.XLOOKUP(F86,Locations!$A$2:$A$6,Locations!$B$2:$B$6,NOT FOUND)} -> Abu Dhabi | F86: L02 | G86: Sales Executive | H86: Band 1 | I86: Part-Time | J86: Female | K86: 30-39 | L86: 2021-08-30 | M86: 88.59 | N86: 72 | O86: High | P86: Completed | Q86: 5 | R86: 31 | S86: Active | U86: 303521
A87: 303605 | B87: Yusuf Al Falasi | C87: =_xlfn.XLOOKUP(D87,Departments!$A$2:$A$8,Departments!$B$2:$B$8) -> Sales | D87: D01 | E87: {=_xlfn.XLOOKUP(F87,Locations!$A$2:$A$6,Locations!$B$2:$B$6,NOT FOUND)} -> Sharjah | F87: L03 | G87: Sales Executive | H87: Band 2 | I87: Full-Time | J87: Female | K87: 30-39 | L87: 2021-06-08 | M87: 95.71 | N87: 98 | O87: High | P87: Completed | Q87: 4 | S87: Active | U87: 303531
A88: 303606 | B88: Yusuf Al Falasi | C88: =_xlfn.XLOOKUP(D88,Departments!$A$2:$A$8,Departments!$B$2:$B$8) -> Operations | D88: D06 | E88: {=_xlfn.XLOOKUP(F88,Locations!$A$2:$A$6,Locations!$B$2:$B$6,NOT FOUND)} -> Abu Dhabi | F88: L02 | G88: Operations Coordinator | H88: Band 4 | I88: Full-Time | J88: Male | K88: 20-29 | L88: 2023-11-28 | M88: 95.23 | N88: 85 | O88: High | P88: Completed | Q88: 3 | R88: 7 | S88: Active | U88: 303593
A89: 303607 | B89: Zaid Al Nuaimi | C89: =_xlfn.XLOOKUP(D89,Departments!$A$2:$A$8,Departments!$B$2:$B$8) -> IT | D89: D04 | E89: {=_xlfn.XLOOKUP(F89,Locations!$A$2:$A$6,Locations!$B$2:$B$6,NOT FOUND)} -> Al Ain | F89: L05 | G89: Accountant | H89: Band 4 | I89: Contract | J89: Male | K89: 20-29 | L89: 2021-03-13 | M89: 90.5 | N89: 82 | O89: High | P89: Completed | Q89: 3 | R89: 30 | S89: Active | U89: 303549
A90: 303608 | B90: Sara Al Nuaimi | C90: =_xlfn.XLOOKUP(D90,Departments!$A$2:$A$8,Departments!$B$2:$B$8) -> HR | D90: D02 | E90: {=_xlfn.XLOOKUP(F90,Locations!$A$2:$A$6,Locations!$B$2:$B$6,NOT FOUND)} -> Al Ain | F90: L05 | G90: Customer Support Agent | H90: Band 2 | I90: Contract | J90: Female | K90: 40-49 | L90: 2021-08-29 | M90: 94.42 | N90: 74 | O90: High | P90: Completed | Q90: 4 | R90: 40 | S90: Active | U90: 303570
A91: 303609 | B91: Rashid Shaikh | C91: =_xlfn.XLOOKUP(D91,Departments!$A$2:$A$8,Departments!$B$2:$B$8) -> HR | D91: D02 | E91: {=_xlfn.XLOOKUP(F91,Locations!$A$2:$A$6,Locations!$B$2:$B$6,NOT FOUND)} -> Al Ain | F91: L05 | G91: Finance Analyst | H91: Band 4 | I91: Contract | J91: Female | K91: 20-29 | L91: 2023-07-04 | M91: 97.46 | N91: 95 | O91: High | P91: Completed | Q91: 2 | R91: 17 | S91: Resigned | T91: 2024-04-03 | U91: 303539
A92: 303610 | B92: Samir Khan | C92: =_xlfn.XLOOKUP(D92,Departments!$A$2:$A$8,Departments!$B$2:$B$8) -> Operations | D92: D06 | E92: {=_xlfn.XLOOKUP(F92,Locations!$A$2:$A$6,Locations!$B$2:$B$6,NOT FOUND)} -> Sharjah | F92: L03 | G92: Customer Support Manager | H92: Band 1 | I92: Full-Time | J92: Male | K92: 20-29 | L92: 2021-07-29 | M92: 97.94 | N92: 94 | O92: Average | P92: Completed | Q92: 4 | R92: 26 | S92: Active | U92: 303602
A93: 303611 | B93: Ali Fernandez | C93: =_xlfn.XLOOKUP(D93,Departments!$A$2:$A$8,Departments!$B$2:$B$8) -> Operations | D93: D06 | E93: {=_xlfn.XLOOKUP(F93,Locations!$A$2:$A$6,Locations!$B$2:$B$6,NOT FOUND)} -> Dubai | F93: L01 | G93: Finance Analyst | H93: Band 2 | I93: Part-Time | J93: Male | K93: 20-29 | L93: 2022-10-17 | M93: 94.93 | N93: 76 | O93: Average | P93: Pending | R93: 25 | S93: Active | U93: 303524
A94: 303612 | B94: Rashid Patel | C94: =_xlfn.XLOOKUP(D94,Departments!$A$2:$A$8,Departments!$B$2:$B$8) -> Operations | D94: D06 | E94: {=_xlfn.XLOOKUP(F94,Locations!$A$2:$A$6,Locations!$B$2:$B$6,NOT FOUND)} -> Dubai | F94: L01 | G94: Sales Executive | H94: Band 4 | I94: Contract | J94: Male | K94: 50+ | L94: 2023-05-23 | M94: 80.81 | N94: 58 | O94: Average | P94: Completed | Q94: 5 | R94: 12 | S94: Active | U94: 303602
A95: 303613 | B95: Zaid Khan | C95: =_xlfn.XLOOKUP(D95,Departments!$A$2:$A$8,Departments!$B$2:$B$8) -> Marketing | D95: D05 | E95: {=_xlfn.XLOOKUP(F95,Locations!$A$2:$A$6,Locations!$B$2:$B$6,NOT FOUND)} -> Ajman | F95: L04 | G95: Customer Support Agent | H95: Band 1 | I95: Contract | J95: Female | K95: 50+ | L95: 2023-08-13 | M95: 90.95 | N95: 87 | O95: Average | P95: Completed | Q95: 3 | R95: 14 | S95: Active | U95: 303611
A96: 303614 | B96: Ali Nair | C96: =_xlfn.XLOOKUP(D96,Departments!$A$2:$A$8,Departments!$B$2:$B$8) -> Customer Support | D96: D07 | E96: {=_xlfn.XLOOKUP(F96,Locations!$A$2:$A$6,Locations!$B$2:$B$6,NOT FOUND)} -> Sharjah | F96: L03 | G96: Customer Support Manager | H96: Band 3 | I96: Full-Time | J96: Female | K96: 30-39 | L96: 2022-01-25 | M96: 96.14 | N96: 85 | O96: Average | P96: Completed | Q96: 2 | R96: 18 | S96: Active | U96: 303612
A97: 303615 | B97: Zaid Sharma | C97: =_xlfn.XLOOKUP(D97,Departments!$A$2:$A$8,Departments!$B$2:$B$8) -> Sales | D97: D01 | E97: {=_xlfn.XLOOKUP(F97,Locations!$A$2:$A$6,Locations!$B$2:$B$6,NOT FOUND)} -> Al Ain | F97: L05 | G97: Sales Executive | H97: Band 3 | I97: Contract | J97: Female | K97: 50+ | L97: 2021-09-30 | M97: 86.08 | N97: 80 | O97: High | P97: Pending | R97: 26 | S97: Active | U97: 303577
A98: 303616 | B98: Zaid Joseph | C98: =_xlfn.XLOOKUP(D98,Departments!$A$2:$A$8,Departments!$B$2:$B$8) -> IT | D98: D04 | E98: {=_xlfn.XLOOKUP(F98,Locations!$A$2:$A$6,Locations!$B$2:$B$6,NOT FOUND)} -> Ajman | F98: L04 | G98: Sales Manager | H98: Band 2 | I98: Contract | J98: Male | K98: 50+ | L98: 2021-11-19 | M98: 85.73 | N98: 82 | O98: Average | P98: Completed | Q98: 5 | R98: 9 | S98: Active | U98: 303576
A99: 303617 | B99: Khalid Al Nuaimi | C99: =_xlfn.XLOOKUP(D99,Departments!$A$2:$A$8,Departments!$B$2:$B$8) -> Customer Support | D99: D07 | E99: {=_xlfn.XLOOKUP(F99,Locations!$A$2:$A$6,Locations!$B$2:$B$6,NOT FOUND)} -> Al Ain | F99: L05 | G99: IT Support Engineer | H99: Band 4 | I99: Full-Time | J99: Female | K99: 40-49 | L99: 2022-06-13 | M99: 87.53 | N99: 86 | O99: High | P99: Completed | Q99: 5 | S99: Active | U99: 303580
A100: 303618 | B100: Sara Shaikh | C100: =_xlfn.XLOOKUP(D100,Departments!$A$2:$A$8,Departments!$B$2:$B$8) -> Sales | D100: D01 | E100: {=_xlfn.XLOOKUP(F100,Locations!$A$2:$A$6,Locations!$B$2:$B$6,NOT FOUND)} -> Al Ain | F100: L05 | G100: Finance Analyst | H100: Band 4 | I100: Full-Time | J100: Male | K100: 30-39 | L100: 2023-11-28 | M100: 95.25 | N100: 95 | O100: Average | P100: Completed | Q100: 2 | R100: 26 | S100: Resigned | T100: 2026-05-21 | U100: 303585
...

Sheet Detail1
A1: Details for Sum of Attendance_Rate_Percent - Job_Title: Sales Manager, Hire_Date: 2021-01-02
A3: Employee_ID | B3: Employee_Name | C3: Department_name | D3: Department_ID | E3: Location_name | F3: Location_ID | G3: Job_Title | H3: Salary_Band | I3: Employment_Type | J3: Gender | K3: Age_Group | L3: Hire_Date | M3: Attendance_Rate_Percent | N3: Performance_Score | O3: Performance_Level | P3: Review_Status | Q3: Manager_Rating | R3: Training_Hours | S3: Attrition_status | T3: Exit_Date | U3: Manager_ID
A4: 305737 | B4: Hassan Rahman | C4: Customer Support | D4: D07 | E4: Dubai | F4: L01 | G4: Sales Manager | H4: Band 3 | I4: Full-Time | J4: Male | K4: 20-29 | L4: 2021-01-02 | M4: 81.82 | N4: 67 | O4: Low | P4: Not Due | R4: 24 | S4: Active | U4: 304307

Sheet hr_dataanalysis
A1: Total Employees= | B1: =COUNT(Employee!A2:A2501) -> 2500
A2: Active Employees= | B2: =COUNTIF(Employee!S2:S2501,"Active") -> 1899
A3: resigned Employees = | B3: =COUNTIF(Employee!S2:S2501,"resigned") -> 480
A4: terminated employees= | B4: =COUNTIF(Employee!S2:S2501,"terminated") -> 121
A5: count males employees= | B5: =COUNTIF(Employee!J2:J2501,"male") -> 1276
A6: count female employees= | B6: =COUNTIF(Employee!J2:J2501,"female") -> 1224
A7: exited employees= | B7: =B3+B4 -> 601
A8: Attrition Rate= | B8: =B7/B1 -> 0.2404

Sheet Detail3
A3: Employee_ID | B3: Employee_Name | C3: Department_name | D3: Department_ID | E3: Location_name | F3: Location_ID | G3: Job_Title | H3: Salary_Band | I3: Employment_Type | J3: Gender | K3: Age_Group | L3: Hire_Date | M3: Attendance_Rate_Percent | N3: Performance_Score | O3: Performance_Level | P3: Review_Status | Q3: Manager_Rating | R3: Training_Hours | S3: Attrition_status | T3: Exit_Date | U3: Manager_ID
A4: 306016 | B4: Bilal Gupta | C4: Sales | D4: D01 | E4: Dubai | F4: L01 | G4: Marketing Specialist | H4: Band 2 | I4: Contract | J4: Male | K4: 30-39 | L4: 2023-05-13 | M4: 99.16 | N4: 85 | O4: High | P4: Completed | Q4: 2 | R4: 31 | S4: Active | U4: 305860
A5: 305996 | B5: Mohammed Menon | C5: Sales | D5: D01 | E5: Sharjah | F5: L03 | G5: Customer Support Manager | H5: Band 4 | I5: Contract | J5: Female | K5: 20-29 | L5: 2021-12-14 | M5: 90.86 | N5: 75 | O5: Average | P5: Completed | Q5: 2 | S5: Active | U5: 305767
A6: 303522 | B6: Omar Al Falasi | C6: HR | D6: D02 | E6: Sharjah | F6: L03 | G6: Sales Manager | H6: Band 4 | I6: Contract | J6: Female | K6: 30-39 | L6: 2022-08-28 | M6: 82.67 | N6: 71 | O6: Low | P6: Not Due | R6: 9 | S6: Active
A7: 305994 | B7: Mohammed Al Mansoori | C7: Finance | D7: D03 | E7: Dubai | F7: L01 | G7: Finance Analyst | H7: Band 1 | I7: Contract | J7: Male | K7: 50+ | L7: 2022-07-02 | M7: 88.6 | N7: 81 | O7: Average | P7: Completed | Q7: 4 | R7: 5 | S7: Active | U7: 304672
A8: 305987 | B8: Noor Sharma | C8: Operations | D8: D06 | E8: Abu Dhabi | F8: L02 | G8: Marketing Specialist | H8: Band 1 | I8: Contract | J8: Female | K8: 20-29 | L8: 2022-05-07 | M8: 77.02 | N8: 77 | O8: Average | P8: Completed | Q8: 3 | R8: 7 | S8: Active | U8: 304558
A9: 305982 | B9: Mariam Hussain | C9: Sales | D9: D01 | E9: Dubai | F9: L01 | G9: Sales Manager | H9: Band 4 | I9: Contract | J9: Male | K9: 30-39 | L9: 2022-10-16 | M9: 82.86 | N9: 64 | O9: Average | P9: Not Due | R9: 5 | S9: Active | U9: 304819
A10: 305980 | B10: Aisha Menon | C10: Sales | D10: D01 | E10: Sharjah | F10: L03 | G10: HR Manager | H10: Band 4 | I10: Contract | J10: Female | K10: 20-29 | L10: 2023-09-06 | M10: 80.29 | N10: 66 | O10: Average | P10: Completed | Q10: 2 | R10: 15 | S10: Active | U10: 303747
A11: 305972 | B11: Ahmed Fernandez | C11: IT | D11: D04 | E11: Al Ain | F11: L05 | G11: Software Engineer | H11: Band 2 | I11: Contract | J11: Male | K11: 50+ | L11: 2021-12-21 | M11: 81.72 | N11: 78 | O11: Average | P11: Completed | Q11: 4 | R11: 20 | S11: Active | U11: 304503
A12: 305963 | B12: Nadia Al Mansoori | C12: Marketing | D12: D05 | E12: Al Ain | F12: L05 | G12: Sales Manager | H12: Band 1 | I12: Contract | J12: Male | K12: 30-39 | L12: 2022-01-26 | M12: 94.75 | N12: 73 | O12: High | P12: Completed | Q12: 3 | R12: 16 | S12: Active | U12: 304902
A13: 305962 | B13: Samir Hussain | C13: Marketing | D13: D05 | E13: Sharjah | F13: L03 | G13: Customer Support Manager | H13: Band 2 | I13: Contract | J13: Female | K13: 50+ | L13: 2023-01-08 | M13: 99.37 | N13: 87 | O13: High | P13: Pending | R13: 9 | S13: Active | U13: 305615
A14: 305959 | B14: Karim Joseph | C14: Marketing | D14: D05 | E14: Abu Dhabi | F14: L02 | G14: Customer Support Manager | H14: Band 1 | I14: Contract | J14: Male | K14: 50+ | L14: 2022-03-10 | M14: 78.12 | N14: 71 | O14: Low | P14: Pending | R14: 36 | S14: Active | U14: 303958
A15: 305957 | B15: Aisha Aziz | C15: HR | D15: D02 | E15: Al Ain | F15: L05 | G15: Software Engineer | H15: Band 4 | I15: Contract | J15: Female | K15: 40-49 | L15: 2023-12-18 | M15: 89.45 | N15: 81 | O15: High | P15: Completed | Q15: 2 | R15: 11 | S15: Active | U15: 304861
A16: 305956 | B16: Imran Al Nuaimi | C16: Customer Support | D16: D07 | E16: Sharjah | F16: L03 | G16: Accountant | H16: Band 4 | I16: Contract | J16: Male | K16: 40-49 | L16: 2021-11-27 | M16: 99.99 | N16: 86 | O16: High | P16: Not Due | R16: 22 | S16: Active | U16: 305300
A17: 305950 | B17: Mariam Aziz | C17: Marketing | D17: D05 | E17: Dubai | F17: L01 | G17: Sales Executive | H17: Band 4 | I17: Contract | J17: Male | K17: 40-49 | L17: 2023-11-16 | M17: 87.29 | N17: 90 | O17: Average | P17: Completed | Q17: 4 | R17: 22 | S17: Active | U17: 304905
A18: 303534 | B18: Karim Al Falasi | C18: HR | D18: D02 | E18: Sharjah | F18: L03 | G18: HR Executive | H18: Band 3 | I18: Contract | J18: Female | K18: 50+ | L18: 2022-12-21 | M18: 99.87 | N18: 96 | O18: Average | P18: Pending | R18: 20 | S18: Active | U18: 303526
A19: 305948 | B19: Aisha Al Mansoori | C19: Marketing | D19: D05 | E19: Ajman | F19: L04 | G19: Sales Manager | H19: Band 3 | I19: Contract | J19: Female | K19: 20-29 | L19: 2021-11-18 | M19: 93.63 | N19: 78 | O19: Average | P19: Completed | Q19: 5 | R19: 14 | S19: Active | U19: 304273
A20: 305945 | B20: Yusuf Shaikh | C20: Sales | D20: D01 | E20: Dubai | F20: L01 | G20: HR Manager | H20: Band 1 | I20: Contract | J20: Female | K20: 30-39 | L20: 2022-10-03 | M20: 93.63 | N20: 90 | O20: High | P20: Completed | Q20: 4 | R20: 19 | S20: Active | U20: 305295
A21: 305939 | B21: Yusuf Menon | C21: Operations | D21: D06 | E21: Sharjah | F21: L03 | G21: Customer Support Agent | H21: Band 3 | I21: Contract | J21: Female | K21: 50+ | L21: 2022-07-16 | M21: 98.73 | N21: 92 | O21: High | P21: Pending | R21: 19 | S21: Active | U21: 303757
A22: 305938 | B22: Mohammed Farooq | C22: HR | D22: D02 | E22: Sharjah | F22: L03 | G22: Accountant | H22: Band 4 | I22: Contract | J22: Male | K22: 20-29 | L22: 2024-04-12 | M22: 85.55 | N22: 85 | O22: High | P22: Not Due | R22: 25 | S22: Active | U22: 305353
A23: 305937 | B23: Omar Hussain | C23: IT | D23: D04 | E23: Abu Dhabi | F23: L02 | G23: Customer Support Agent | H23: Band 1 | I23: Contract | J23: Male | K23: 40-49 | L23: 2023-02-21 | M23: 98.03 | N23: 98 | O23: High | P23: Pending | R23: 28 | S23: Active | U23: 305497
A24: 305923 | B24: Ali Shaikh | C24: Customer Support | D24: D07 | E24: Ajman | F24: L04 | G24: Sales Executive | H24: Band 2 | I24: Contract | J24: Female | K24: 30-39 | L24: 2024-04-05 | M24: 94.27 | N24: 89 | O24: High | P24: Pending | S24: Active | U24: 305799
A25: 303541 | B25: Samir Al Nuaimi | C25: Marketing | D25: D05 | E25: Ajman | F25: L04 | G25: Finance Analyst | H25: Band 1 | I25: Contract | J25: Female | K25: 20-29 | L25: 2022-07-11 | M25: 79.79 | N25: 74 | O25: Low | P25: Pending | R25: 18 | S25: Active | U25: 303521
A26: 303542 | B26: Nadia Shaikh | C26: HR | D26: D02 | E26: Dubai | F26: L01 | G26: Sales Manager | H26: Band 1 | I26: Contract | J26: Male | K26: 20-29 | L26: 2021-05-13 | M26: 91.65 | N26: 73 | O26: High | P26: Completed | Q26: 5 | R26: 38 | S26: Active | U26: 303522
A27: 305919 | B27: Aisha Sharma | C27: HR | D27: D02 | E27: Al Ain | F27: L05 | G27: Customer Support Agent | H27: Band 1 | I27: Contract | J27: Female | K27: 20-29 | L27: 2023-12-06 | M27: 96.77 | N27: 93 | O27: High | P27: Completed | Q27: 5 | R27: 21 | S27: Active | U27: 303816
A28: 303544 | B28: Noor Fernandez | C28: Operations | D28: D06 | E28: Al Ain | F28: L05 | G28: HR Executive | H28: Band 2 | I28: Contract | J28: Male | K28: 20-29 | L28: 2023-01-12 | M28: 92.25 | N28: 73 | O28: Average | P28: Pending | R28: 11 | S28: Active | U28: 303525
A29: 303545 | B29: Samir Aziz | C29: Operations | D29: D06 | E29: Al Ain | F29: L05 | G29: Software Engineer | H29: Band 4 | I29: Contract | J29: Female | K29: 40-49 | L29: 2024-01-17 | M29: 76.69 | N29: 70 | O29: Average | P29: Pending | R29: 25 | S29: Active | U29: 303534
A30: 305916 | B30: Layla Nair | C30: Marketing | D30: D05 | E30: Sharjah | F30: L03 | G30: Finance Analyst | H30: Band 4 | I30: Contract | J30: Male | K30: 20-29 | L30: 2023-10-20 | M30: 79.65 | N30: 62 | O30: Average | P30: Completed | Q30: 5 | R30: 40 | S30: Active | U30: 303795
A31: 305911 | B31: Sara Khan | C31: Finance | D31: D03 | E31: Ajman | F31: L04 | G31: Sales Manager | H31: Band 2 | I31: Contract | J31: Male | K31: 50+ | L31: 2021-04-24 | M31: 83.36 | N31: 50 | O31: Low | P31: Completed | Q31: 5 | R31: 31 | S31: Active | U31: 305597
A32: 303548 | B32: Sara Sharma | C32: Customer Support | D32: D07 | E32: Al Ain | F32: L05 | G32: HR Manager | H32: Band 1 | I32: Contract | J32: Female | K32: 30-39 | L32: 2024-01-05 | M32: 77.91 | N32: 79 | O32: Average | P32: Not Due | R32: 5 | S32: Active | U32: 303544
A33: 305909 | B33: Omar Khan | C33: Operations | D33: D06 | E33: Abu Dhabi | F33: L02 | G33: Marketing Specialist | H33: Band 4 | I33: Contract | J33: Female | K33: 30-39 | L33: 2022-11-14 | M33: 75.07 | N33: 67 | O33: Low | P33: Not Due | R33: 28 | S33: Active | U33: 303653
A34: 305908 | B34: Yusuf Joseph | C34: Operations | D34: D06 | E34: Abu Dhabi | F34: L02 | G34: Customer Support Agent | H34: Band 1 | I34: Contract | J34: Male | K34: 40-49 | L34: 2021-11-26 | M34: 79.83 | N34: 65 | O34: Low | P34: Completed | Q34: 4 | R34: 16 | S34: Active | U34: 305602
A35: 305905 | B35: Fatima Farooq | C35: Customer Support | D35: D07 | E35: Ajman | F35: L04 | G35: Sales Executive | H35: Band 1 | I35: Contract | J35: Male | K35: 30-39 | L35: 2023-10-14 | M35: 88.38 | N35: 70 | O35: High | P35: Not Due | R35: 18 | S35: Active | U35: 303525
A36: 305901 | B36: Imran Nair | C36: Sales | D36: D01 | E36: Al Ain | F36: L05 | G36: HR Executive | H36: Band 3 | I36: Contract | J36: Male | K36: 50+ | L36: 2021-04-18 | M36: 80.35 | N36: 63 | O36: Average | P36: Completed | Q36: 2 | R36: 13 | S36: Active | U36: 303970
A37: 305900 | B37: Aisha Rahman | C37: Marketing | D37: D05 | E37: Dubai | F37: L01 | G37: Marketing Specialist | H37: Band 1 | I37: Contract | J37: Male | K37: 20-29 | L37: 2024-01-08 | M37: 97.11 | N37: 85 | O37: High | P37: Completed | Q37: 4 | R37: 15 | S37: Active | U37: 304071
A38: 305888 | B38: Sara Patel | C38: Customer Support | D38: D07 | E38: Abu Dhabi | F38: L02 | G38: Accountant | H38: Band 4 | I38: Contract | J38: Female | K38: 50+ | L38: 2023-01-16 | M38: 81.58 | N38: 54 | O38: Average | P38: Completed | Q38: 3 | R38: 8 | S38: Active | U38: 304781
A39: 305883 | B39: Ahmed Sharma | C39: IT | D39: D04 | E39: Dubai | F39: L01 | G39: Accountant | H39: Band 4 | I39: Contract | J39: Female | K39: 40-49 | L39: 2021-09-02 | M39: 80.61 | N39: 63 | O39: Low | P39: Completed | Q39: 3 | R39: 38 | S39: Active | U39: 305166
A40: 303556 | B40: Bilal Al Mansoori | C40: Sales | D40: D01 | E40: Dubai | F40: L01 | G40: HR Manager | H40: Band 1 | I40: Contract | J40: Female | K40: 30-39 | L40: 2022-08-16 | M40: 82.13 | N40: 52 | O40: Low | P40: Not Due | R40: 19 | S40: Active | U40: 303527
A41: 305880 | B41: Mariam Joseph | C41: Operations | D41: D06 | E41: Al Ain | F41: L05 | G41: HR Manager | H41: Band 3 | I41: Contract | J41: Male | K41: 30-39 | L41: 2021-07-24 | M41: 83.56 | N41: 57 | O41: Low | P41: Completed | Q41: 2 | R41: 16 | S41: Active | U41: 304569
A42: 305878 | B42: Aisha Menon | C42: Marketing | D42: D05 | E42: Al Ain | F42: L05 | G42: HR Executive | H42: Band 4 | I42: Contract | J42: Female | K42: 40-49 | L42: 2024-02-15 | M42: 78.52 | N42: 54 | O42: Low | P42: Completed | Q42: 4 | R42: 25 | S42: Active | U42: 304113
A43: 305875 | B43: Noor Al Mansoori | C43: Sales | D43: D01 | E43: Abu Dhabi | F43: L02 | G43: Sales Manager | H43: Band 1 | I43: Contract | J43: Male | K43: 20-29 | L43: 2021-11-26 | M43: 83.8 | N43: 77 | O43: Low | P43: Completed | Q43: 4 | R43: 17 | S43: Active | U43: 304415
A44: 303560 | B44: Imran Al Falasi | C44: Operations | D44: D06 | E44: Sharjah | F44: L03 | G44: IT Support Engineer | H44: Band 1 | I44: Contract | J44: Female | K44: 20-29 | L44: 2022-02-08 | M44: 84.76 | N44: 52 | O44: Average | P44: Completed | Q44: 5 | R44: 20 | S44: Active | U44: 303555
A45: 305873 | B45: Mohammed Joseph | C45: Customer Support | D45: D07 | E45: Al Ain | F45: L05 | G45: Finance Analyst | H45: Band 1 | I45: Contract | J45: Female | K45: 50+ | L45: 2021-01-11 | M45: 90.18 | N45: 82 | O45: Average | P45: Not Due | R45: 10 | S45: Active | U45: 305851
A46: 305869 | B46: Nadia Gupta | C46: Customer Support | D46: D07 | E46: Abu Dhabi | F46: L02 | G46: Accountant | H46: Band 4 | I46: Contract | J46: Male | K46: 30-39 | L46: 2023-06-08 | M46: 83.27 | N46: 68 | O46: Low | P46: Not Due | R46: 21 | S46: Active | U46: 305279
A47: 303563 | B47: Fatima Haddad | C47: Operations | D47: D06 | E47: Sharjah | F47: L03 | G47: IT Support Engineer | H47: Band 2 | I47: Contract | J47: Male | K47: 50+ | L47: 2022-05-25 | M47: 75.31 | N47: 51 | O47: Average | P47: Completed | Q47: 5 | R47: 13 | S47: Active | U47: 303557
A48: 303564 | B48: Khalid Shaikh | C48: Customer Support | D48: D07 | E48: Dubai | F48: L01 | G48: Marketing Specialist | H48: Band 1 | I48: Contract | J48: Female | K48: 20-29 | L48: 2022-07-09 | M48: 98.92 | N48: 87 | O48: Average | P48: Completed | Q48: 2 | R48: 17 | S48: Active | U48: 303529
A49: 303565 | B49: Mariam D'Souza | C49: IT | D49: D04 | E49: Abu Dhabi | F49: L02 | G49: Finance Analyst | H49: Band 2 | I49: Contract | J49: Male | K49: 40-49 | L49: 2023-12-10 | M49: 76.12 | N49: 50 | O49: Low | P49: Completed | Q49: 3 | S49: Active | U49: 303530
A50: 305866 | B50: Mariam Gupta | C50: HR | D50: D02 | E50: Dubai | F50: L01 | G50: Marketing Specialist | H50: Band 3 | I50: Contract | J50: Male | K50: 40-49 | L50: 2021-09-05 | M50: 82.65 | N50: 79 | O50: Average | P50: Completed | Q50: 4 | R50: 26 | S50: Active | U50: 305235
A51: 305859 | B51: Mohammed Shaikh | C51: Operations | D51: D06 | E51: Al Ain | F51: L05 | G51: Software Engineer | H51: Band 3 | I51: Contract | J51: Female | K51: 30-39 | L51: 2023-02-27 | M51: 98.13 | N51: 87 | O51: Average | P51: Completed | Q51: 5 | R51: 22 | S51: Active | U51: 305117
A52: 305848 | B52: Nadia Haddad | C52: HR | D52: D02 | E52: Sharjah | F52: L03 | G52: Sales Manager | H52: Band 3 | I52: Contract | J52: Male | K52: 30-39 | L52: 2022-01-13 | M52: 77.59 | N52: 52 | O52: Low | P52: Pending | R52: 7 | S52: Active | U52: 304574
A53: 305845 | B53: Fatima Khan | C53: Marketing | D53: D05 | E53: Abu Dhabi | F53: L02 | G53: Operations Coordinator | H53: Band 2 | I53: Contract | J53: Female | K53: 30-39 | L53: 2023-12-19 | M53: 90.48 | N53: 73 | O53: Average | P53: Completed | Q53: 3 | R53: 17 | S53: Active | U53: 303886
A54: 303570 | B54: Sara Fernandez | C54: Operations | D54: D06 | E54: Abu Dhabi | F54: L02 | G54: Customer Support Agent | H54: Band 4 | I54: Contract | J54: Female | K54: 30-39 | L54: 2021-06-01 | M54: 84.74 | N54: 52 | O54: Average | P54: Pending | R54: 13 | S54: Active | U54: 303525
A55: 305838 | B55: Nadia D'Souza | C55: Finance | D55: D03 | E55: Al Ain | F55: L05 | G55: Finance Analyst | H55: Band 4 | I55: Contract | J55: Male | K55: 20-29 | L55: 2023-11-12 | M55: 98.64 | N55: 99 | O55: High | P55: Completed | Q55: 5 | R55: 24 | S55: Active | U55: 305282
A56: 305834 | B56: Samir Sharma | C56: IT | D56: D04 | E56: Abu Dhabi | F56: L02 | G56: Finance Analyst | H56: Band 2 | I56: Contract | J56: Male | K56: 20-29 | L56: 2021-12-26 | M56: 87.64 | N56: 87 | O56: High | P56: Completed | Q56: 4 | R56: 27 | S56: Active | U56: 305613
A57: 303573 | B57: Samir Al Falasi | C57: Finance | D57: D03 | E57: Dubai | F57: L01 | G57: HR Executive | H57: Band 1 | I57: Contract | J57: Male | K57: 40-49 | L57: 2022-05-23 | M57: 93.51 | N57: 73 | O57: Average | P57: Completed | Q57: 3 | R57: 10 | S57: Active | U57: 303526
A58: 303574 | B58: Hassan Al Mansoori | C58: HR | D58: D02 | E58: Abu Dhabi | F58: L02 | G58: Sales Executive | H58: Band 1 | I58: Contract | J58: Female | K58: 40-49 | L58: 2023-06-01 | M58: 90.34 | N58: 78 | O58: High | P58: Completed | Q58: 3 | R58: 11 | S58: Active | U58: 303573
A59: 305830 | B59: Mohammed Hussain | C59: HR | D59: D02 | E59: Dubai | F59: L01 | G59: IT Support Engineer | H59: Band 1 | I59: Contract | J59: Female | K59: 40-49 | L59: 2022-11-04 | M59: 98.78 | N59: 86 | O59: High | P59: Pending | R59: 14 | S59: Active | U59: 305361
A60: 305828 | B60: Hassan Fernandez | C60: Finance | D60: D03 | E60: Dubai | F60: L01 | G60: Customer Support Agent | H60: Band 4 | I60: Contract | J60: Male | K60: 20-29 | L60: 2021-07-13 | M60: 94.62 | N60: 73 | O60: High | P60: Not Due | R60: 17 | S60: Active | U60: 303741
A61: 305825 | B61: Mohammed Joseph | C61: Sales | D61: D01 | E61: Ajman | F61: L04 | G61: Sales Executive | H61: Band 3 | I61: Contract | J61: Male | K61: 50+ | L61: 2022-08-02 | M61: 78.99 | N61: 78 | O61: Low | P61: Completed | Q61: 4 | R61: 30 | S61: Active | U61: 305732
A62: 305815 | B62: Ahmed Menon | C62: IT | D62: D04 | E62: Ajman | F62: L04 | G62: Customer Support Manager | H62: Band 4 | I62: Contract | J62: Male | K62: 30-39 | L62: 2023-07-17 | M62: 98.72 | N62: 88 | O62: Average | P62: Completed | Q62: 2 | S62: Active | U62: 304603
A63: 303579 | B63: Noor Al Mansoori | C63: IT | D63: D04 | E63: Ajman | F63: L04 | G63: Customer Support Agent | H63: Band 2 | I63: Contract | J63: Male | K63: 40-49 | L63: 2022-12-15 | M63: 79.2 | N63: 73 | O63: Average | P63: Not Due | R63: 15 | S63: Active | U63: 303563
A64: 305812 | B64: Mohammed Aziz | C64: IT | D64: D04 | E64: Sharjah | F64: L03 | G64: HR Executive | H64: Band 4 | I64: Contract | J64: Male | K64: 20-29 | L64: 2021-05-31 | M64: 79.29 | N64: 65 | O64: Low | P64: Completed | Q64: 3 | R64: 29 | S64: Active | U64: 304828
A65: 305809 | B65: Zaid Al Mansoori | C65: IT | D65: D04 | E65: Al Ain | F65: L05 | G65: Software Engineer | H65: Band 1 | I65: Contract | J65: Male | K65: 50+ | L65: 2021-08-09 | M65: 94.77 | N65: 83 | O65: Average | P65: Not Due | R65: 33 | S65: Active | U65: 305460
A66: 305803 | B66: Mariam Al Mansoori | C66: Sales | D66: D01 | E66: Dubai | F66: L01 | G66: Customer Support Manager | H66: Band 4 | I66: Contract | J66: Female | K66: 30-39 | L66: 2022-08-19 | M66: 76.62 | N66: 66 | O66: Low | P66: Not Due | R66: 15 | S66: Active | U66: 305445
A67: 305791 | B67: Khalid Al Nuaimi | C67: Operations | D67: D06 | E67: Abu Dhabi | F67: L02 | G67: Marketing Specialist | H67: Band 2 | I67: Contract | J67: Male | K67: 40-49 | L67: 2024-04-08 | M67: 79.67 | N67: 65 | O67: Average | P67: Not Due | R67: 21 | S67: Active | U67: 304422
A68: 303584 | B68: Zaid Rahman | C68: Customer Support | D68: D07 | E68: Dubai | F68: L01 | G68: Marketing Specialist | H68: Band 4 | I68: Contract | J68: Female | K68: 50+ | L68: 2023-05-03 | M68: 96.61 | N68: 92 | O68: High | P68: Not Due | R68: 8 | S68: Active | U68: 303547
A69: 305787 | B69: Imran Fernandez | C69: Customer Support | D69: D07 | E69: Sharjah | F69: L03 | G69: Operations Coordinator | H69: Band 1 | I69: Contract | J69: Male | K69: 50+ | L69: 2024-02-22 | M69: 91.58 | N69: 76 | O69: High | P69: Completed | Q69: 3 | R69: 16 | S69: Active | U69: 305784
A70: 303586 | B70: Mariam Fernandez | C70: Marketing | D70: D05 | E70: Dubai | F70: L01 | G70: Finance Analyst | H70: Band 4 | I70: Contract | J70: Male | K70: 50+ | L70: 2024-02-21 | M70: 89.96 | N70: 88 | O70: Average | P70: Completed | Q70: 3 | R70: 24 | S70: Active | U70: 303539
A71: 305785 | B71: Karim Shaikh | C71: HR | D71: D02 | E71: Al Ain | F71: L05 | G71: Marketing Specialist | H71: Band 4 | I71: Contract | J71: Male | K71: 20-29 | L71: 2021-08-25 | M71: 91.97 | N71: 88 | O71: Average | P71: Completed | Q71: 4 | R71: 21 | S71: Active | U71: 305654
A72: 303588 | B72: Zaid Aziz | C72: Operations | D72: D06 | E72: Dubai | F72: L01 | G72: Accountant | H72: Band 4 | I72: Contract | J72: Female | K72: 20-29 | L72: 2022-11-04 | M72: 96.32 | N72: 87 | O72: Average | P72: Completed | Q72: 5 | R72: 38 | S72: Active | U72: 303534
A73: 305777 | B73: Zaid Menon | C73: Sales | D73: D01 | E73: Al Ain | F73: L05 | G73: Accountant | H73: Band 2 | I73: Contract | J73: Female | K73: 30-39 | L73: 2022-12-11 | M73: 95.24 | N73: 100 | O73: High | P73: Completed | Q73: 4 | R73: 15 | S73: Active | U73: 304965
A74: 303590 | B74: Aisha Fernandez | C74: IT | D74: D04 | E74: Ajman | F74: L04 | G74: HR Executive | H74: Band 2 | I74: Contract | J74: Female | K74: 40-49 | L74: 2024-02-05 | M74: 91.85 | N74: 85 | O74: High | P74: Completed | Q74: 4 | R74: 38 | S74: Active | U74: 303563
A75: 303591 | B75: Layla Menon | C75: Customer Support | D75: D07 | E75: Sharjah | F75: L03 | G75: HR Executive | H75: Band 1 | I75: Contract | J75: Male | K75: 20-29 | L75: 2021-09-26 | M75: 80.17 | N75: 78 | O75: Average | P75: Completed | Q75: 4 | R75: 17 | S75: Active | U75: 303561
A76: 305771 | B76: Imran D'Souza | C76: Marketing | D76: D05 | E76: Dubai | F76: L01 | G76: Operations Coordinator | H76: Band 2 | I76: Contract | J76: Male | K76: 40-49 | L76: 2021-03-20 | M76: 86.71 | N76: 72 | O76: High | P76: Pending | R76: 14 | S76: Active | U76: 304368
A77: 305768 | B77: Zaid Joseph | C77: Finance | D77: D03 | E77: Al Ain | F77: L05 | G77: Software Engineer | H77: Band 2 | I77: Contract | J77: Female | K77: 30-39 | L77: 2021-04-02 | M77: 79.95 | N77: 50 | O77: Low | P77: Not Due | R77: 33 | S77: Active | U77: 304207
A78: 303594 | B78: Aisha Shaikh | C78: Customer Support | D78: D07 | E78: Abu Dhabi | F78: L02 | G78: Software Engineer | H78: Band 3 | I78: Contract | J78: Female | K78: 50+ | L78: 2022-06-15 | M78: 91.25 | N78: 89 | O78: Average | P78: Completed | Q78: 5 | R78: 26 | S78: Active | U78: 303587
A79: 305764 | B79: Nadia D'Souza | C79: Operations | D79: D06 | E79: Ajman | F79: L04 | G79: HR Executive | H79: Band 4 | I79: Contract | J79: Male | K79: 30-39 | L79: 2024-01-29 | M79: 82.34 | N79: 72 | O79: Low | P79: Pending | R79: 11 | S79: Active | U79: 304008
A80: 305763 | B80: Khalid Patel | C80: IT | D80: D04 | E80: Sharjah | F80: L03 | G80: Accountant | H80: Band 2 | I80: Contract | J80: Female | K80: 40-49 | L80: 2021-10-19 | M80: 76.18 | N80: 54 | O80: Low | P80: Pending | R80: 21 | S80: Active | U80: 303696
A81: 305761 | B81: Fatima Patel | C81: Finance | D81: D03 | E81: Ajman | F81: L04 | G81: Marketing Specialist | H81: Band 2 | I81: Contract | J81: Male | K81: 20-29 | L81: 2023-07-18 | M81: 83.82 | N81: 54 | O81: Low | P81: Pending | R81: 27 | S81: Active | U81: 304359
A82: 305754 | B82: Khalid Haddad | C82: HR | D82: D02 | E82: Dubai | F82: L01 | G82: Sales Manager | H82: Band 3 | I82: Contract | J82: Female | K82: 30-39 | L82: 2024-01-04 | M82: 84.38 | N82: 72 | O82: Low | P82: Completed | Q82: 5 | R82: 15 | S82: Active | U82: 303620
A83: 305751 | B83: Bilal Hussain | C83: HR | D83: D02 | E83: Sharjah | F83: L03 | G83: Customer Support Manager | H83: Band 3 | I83: Contract | J83: Female | K83: 40-49 | L83: 2022-12-23 | M83: 87.96 | N83: 70 | O83: Average | P83: Completed | Q83: 2 | R83: 26 | S83: Active | U83: 304653
A84: 305749 | B84: Ali Rahman | C84: Customer Support | D84: D07 | E84: Dubai | F84: L01 | G84: Accountant | H84: Band 3 | I84: Contract | J84: Male | K84: 50+ | L84: 2024-03-03 | M84: 96.58 | N84: 93 | O84: High | P84: Pending | R84: 6 | S84: Active | U84: 304683
A85: 305747 | B85: Layla Patel | C85: HR | D85: D02 | E85: Al Ain | F85: L05 | G85: IT Support Engineer | H85: Band 2 | I85: Contract | J85: Female | K85: 20-29 | L85: 2022-11-10 | M85: 76.2 | N85: 58 | O85: Average | P85: Pending | R85: 20 | S85: Active | U85: 304351
A86: 303602 | B86: Mohammed Khan | C86: Marketing | D86: D05 | E86: Al Ain | F86: L05 | G86: Sales Executive | H86: Band 1 | I86: Contract | J86: Female | K86: 50+ | L86: 2023-07-18 | M86: 80.91 | N86: 78 | O86: Average | P86: Completed | Q86: 2 | R86: 8 | S86: Active | U86: 303555
A87: 303603 | B87: Sara Sharma | C87: Finance | D87: D03 | E87: Abu Dhabi | F87: L02 | G87: HR Manager | H87: Band 2 | I87: Contract | J87: Female | K87: 30-39 | L87: 2023-03-24 | M87: 99.97 | N87: 85 | O87: Average | P87: Pending | R87: 11 | S87: Active | U87: 303572
A88: 305742 | B88: Layla Sharma | C88: Finance | D88: D03 | E88: Dubai | F88: L01 | G88: Customer Support Manager | H88: Band 4 | I88: Contract | J88: Female | K88: 40-49 | L88: 2022-02-02 | M88: 92.22 | N88: 89 | O88: High | P88: Completed | Q88: 3 | R88: 20 | S88: Active | U88: 304412
A89: 305741 | B89: Imran Hussain | C89: IT | D89: D04 | E89: Al Ain | F89: L05 | G89: Sales Manager | H89: Band 2 | I89: Contract | J89: Female | K89: 20-29 | L89: 2021-01-19 | M89: 99.19 | N89: 99 | O89: High | P89: Completed | Q89: 2 | S89: Active | U89: 303701
A90: 305740 | B90: Samir Rahman | C90: Sales | D90: D01 | E90: Ajman | F90: L04 | G90: Customer Support Agent | H90: Band 3 | I90: Contract | J90: Male | K90: 50+ | L90: 2023-11-27 | M90: 96.46 | N90: 90 | O90: Average | P90: Not Due | R90: 8 | S90: Active | U90: 304453
A91: 303607 | B91: Zaid Al Nuaimi | C91: IT | D91: D04 | E91: Al Ain | F91: L05 | G91: Accountant | H91: Band 4 | I91: Contract | J91: Male | K91: 20-29 | L91: 2021-03-13 | M91: 90.5 | N91: 82 | O91: High | P91: Completed | Q91: 3 | R91: 30 | S91: Active | U91: 303549
A92: 303608 | B92: Sara Al Nuaimi | C92: HR | D92: D02 | E92: Al Ain | F92: L05 | G92: Customer Support Agent | H92: Band 2 | I92: Contract | J92: Female | K92: 40-49 | L92: 2021-08-29 | M92: 94.42 | N92: 74 | O92: High | P92: Completed | Q92: 4 | R92: 40 | S92: Active | U92: 303570
A93: 305733 | B93: Mohammed Joseph | C93: Marketing | D93: D05 | E93: Ajman | F93: L04 | G93: Software Engineer | H93: Band 2 | I93: Contract | J93: Male | K93: 20-29 | L93: 2021-05-27 | M93: 81.75 | N93: 75 | O93: Average | P93: Completed | Q93: 4 | R93: 11 | S93: Active | U93: 305571
A94: 305732 | B94: Aisha Aziz | C94: Sales | D94: D01 | E94: Abu Dhabi | F94: L02 | G94: Sales Executive | H94: Band 2 | I94: Contract | J94: Male | K94: 30-39 | L94: 2023-10-19 | M94: 93.33 | N94: 88 | O94: Average | P94: Completed | Q94: 2 | S94: Active | U94: 304398
A95: 305731 | B95: Omar Al Nuaimi | C95: Customer Support | D95: D07 | E95: Sharjah | F95: L03 | G95: Sales Manager | H95: Band 4 | I95: Contract | J95: Male | K95: 50+ | L95: 2022-03-08 | M95: 79.04 | N95: 77 | O95: Low | P95: Completed | Q95: 2 | R95: 33 | S95: Active | U95: 304871
A96: 303612 | B96: Rashid Patel | C96: Operations | D96: D06 | E96: Dubai | F96: L01 | G96: Sales Executive | H96: Band 4 | I96: Contract | J96: Male | K96: 50+ | L96: 2023-05-23 | M96: 80.81 | N96: 58 | O96: Average | P96: Completed | Q96: 5 | R96: 12 | S96: Active | U96: 303602
A97: 303613 | B97: Zaid Khan | C97: Marketing | D97: D05 | E97: Ajman | F97: L04 | G97: Customer Support Agent | H97: Band 1 | I97: Contract | J97: Female | K97: 50+ | L97: 2023-08-13 | M97: 90.95 | N97: 87 | O97: Average | P97: Completed | Q97: 3 | R97: 14 | S97: Active | U97: 303611
A98: 305730 | B98: Bilal Hussain | C98: Operations | D98: D06 | E98: Sharjah | F98: L03 | G98: Customer Support Agent | H98: Band 2 | I98: Contract | J98: Male | K98: 30-39 | L98: 2023-10-19 | M98: 76.11 | N98: 76 | O98: Low | P98: Pending | R98: 34 | S98: Active | U98: 304417
A99: 303615 | B99: Zaid Sharma | C99: Sales | D99: D01 | E99: Al Ain | F99: L05 | G99: Sales Executive | H99: Band 3 | I99: Contract | J99: Female | K99: 50+ | L99: 2021-09-30 | M99: 86.08 | N99: 80 | O99: High | P99: Pending | R99: 26 | S99: Active | U99: 303577
A100: 303616 | B100: Zaid Joseph | C100: IT | D100: D04 | E100: Ajman | F100: L04 | G100: Sales Manager | H100: Band 2 | I100: Contract | J100: Male | K100: 50+ | L100: 2021-11-19 | M100: 85.73 | N100: 82 | O100: Average | P100: Completed | Q100: 5 | R100: 9 | S100: Active | U100: 303576
A101: 305727 | B101: Mohammed D'Souza | C101: HR | D101: D02 | E101: Sharjah | F101: L03 | G101: HR Manager | H101: Band 2 | I101: Contract | J101: Male | K101: 30-39 | L101: 2021-04-04 | M101: 80.75 | N101: 62 | O101: Average | P101: Completed | Q101: 5 | R101: 13 | S101: Active | U101: 305225
A102: 305725 | B102: Omar Farooq | C102: Marketing | D102: D05 | E102: Sharjah | F102: L03 | G102: IT Support Engineer | H102: Band 4 | I102: Contract | J102: Female | K102: 30-39 | L102: 2022-08-08 | M102: 97.5 | N102: 95 | O102: Average | P102: Completed | Q102: 5 | R102: 7 | S102: Active | U102: 305050
...

Sheet DEPARTMENT WISE ATTRITION RATE
A1: DEPARTMENT NAME | B1: TOTAL EMPLOYEES | C1: Resigned | D1: Terminated | E1: Attrition Rate
A2: HR | B2: =COUNTIF(Employee!C2:C2501,A2) -> 337 | C2: =COUNTIFS(Employee!$C$2:$C$2501,A2,Employee!$S$2:$S$2501,"Resigned") -> 60 | D2: =COUNTIFS(Employee!$C$2:$C$2501,A2,Employee!$S$2:$S$2501,"Terminated") -> 23 | E2: =(C2+D2)/B2 -> 0.2462908
A3: Sales | B3: =COUNTIF(Employee!C3:C2502,A3) -> 360 | C3: =COUNTIFS(Employee!$C$2:$C$2501,A3,Employee!$S$2:$S$2501,"Resigned") -> 76 | D3: =COUNTIFS(Employee!$C$2:$C$2501,A3,Employee!$S$2:$S$2501,"Terminated") -> 24 | E3: =(C3+D3)/B3 -> 0.27777778
A4: Marketing | B4: =COUNTIF(Employee!C4:C2503,A4) -> 367 | C4: =COUNTIFS(Employee!$C$2:$C$2501,A4,Employee!$S$2:$S$2501,"Resigned") -> 73 | D4: =COUNTIFS(Employee!$C$2:$C$2501,A4,Employee!$S$2:$S$2501,"Terminated") -> 10 | E4: =(C4+D4)/B4 -> 0.22615804
A5: Finance | B5: =COUNTIF(Employee!C5:C2504,A5) -> 342 | C5: =COUNTIFS(Employee!$C$2:$C$2501,A5,Employee!$S$2:$S$2501,"Resigned") -> 69 | D5: =COUNTIFS(Employee!$C$2:$C$2501,A5,Employee!$S$2:$S$2501,"Terminated") -> 16 | E5: =(C5+D5)/B5 -> 0.24853801
A6: customer support | B6: =COUNTIF(Employee!C6:C2505,A6) -> 350 | C6: =COUNTIFS(Employee!$C$2:$C$2501,A6,Employee!$S$2:$S$2501,"Resigned") -> 61 | D6: =COUNTIFS(Employee!$C$2:$C$2501,A6,Employee!$S$2:$S$2501,"Terminated") -> 21 | E6: =(C6+D6)/B6 -> 0.23428571
A7: IT | B7: =COUNTIF(Employee!C7:C2506,A7) -> 375 | C7: =COUNTIFS(Employee!$C$2:$C$2501,A7,Employee!$S$2:$S$2501,"Resigned") -> 75 | D7: =COUNTIFS(Employee!$C$2:$C$2501,A7,Employee!$S$2:$S$2501,"Terminated") -> 7 | E7: =(C7+D7)/B7 -> 0.21866667
A8: Operations | B8: =COUNTIF(Employee!C8:C2507,A8) -> 368 | C8: =COUNTIFS(Employee!$C$2:$C$2501,A8,Employee!$S$2:$S$2501,"Resigned") -> 66 | D8: =COUNTIFS(Employee!$C$2:$C$2501,A8,Employee!$S$2:$S$2501,"Terminated") -> 20 | E8: =(C8+D8)/B8 -> 0.23369565
A9: Total | B9: =SUBTOTAL(109,Table5[TOTAL EMPLOYEES]) -> 2499 | C9: =SUBTOTAL(109,Table5[Resigned]) -> 480 | D9: =SUBTOTAL(109,Table5[Terminated]) -> 121 | E9: =SUBTOTAL(101,Table5[Attrition Rate]) -> 0.24077324
A14: Row Labels | B14: Sum of Attrition Rate | P14: Row Labels | Q14: Sum of Employee_ID
A15: customer support | B15: 0.23428571 | P15: Active | Q15: 578759488
A16: Finance | B16: 0.24853801 | P16: Resigned | Q16: 146280776
A17: HR | B17: 0.2462908 | P17: Terminated | Q17: 36883486
A18: IT | B18: 0.21866667 | K18: Row Labels | L18: Sum of Resigned | M18: Sum of Terminated | P18: Grand Total | Q18: 761923750
A19: Marketing | B19: 0.22615804 | K19: customer support | L19: 61 | M19: 21
A20: Operations | B20: 0.23369565 | K20: Finance | L20: 69 | M20: 16
A21: Sales | B21: 0.27777778 | K21: HR | L21: 60 | M21: 23
A22: Grand Total | B22: 1.6854127 | K22: IT | L22: 75 | M22: 7
K23: Marketing | L23: 73 | M23: 10
K24: Operations | L24: 66 | M24: 20
K25: Sales | L25: 76 | M25: 24 | P25: Row Labels | Q25: Sum of Attendance_Rate_Percent
K26: Grand Total | L26: 480 | M26: 121 | P26: Active | Q26: 166118.08
P27: Resigned | Q27: 42205.76
P28: Terminated | Q28: 10543.32
P29: Grand Total | Q29: 218867.16
G38: Count of Employee_ID | H38: Column Labels
G39: Row Labels | H39: Resigned | I39: Terminated | J39: Grand Total
G40: Average | H40: 229 | I40: 61 | J40: 290
G41: High | H41: 153 | I41: 34 | J41: 187
G42: Low | H42: 98 | I42: 26 | J42: 124
G43: Grand Total | H43: 480 | I43: 121 | J43: 601

Sheet Detail2
A1: Details for Sum of Performance_Score
A3: Employee_ID | B3: Employee_Name | C3: Department_name | D3: Department_ID | E3: Location_name | F3: Location_ID | G3: Job_Title | H3: Salary_Band | I3: Employment_Type | J3: Gender | K3: Age_Group | L3: Hire_Date | M3: Attendance_Rate_Percent | N3: Performance_Score | O3: Performance_Level | P3: Review_Status | Q3: Manager_Rating | R3: Training_Hours | S3: Attrition_status | T3: Exit_Date | U3: Manager_ID
A4: 303524 | B4: Layla Al Falasi | C4: Customer Support | D4: D07 | E4: Dubai | F4: L01 | G4: Sales Executive | H4: Band 4 | I4: Full-Time | J4: Female | K4: 20-29 | L4: 2023-02-20 | M4: 75.03 | N4: 59 | O4: Average | P4: Completed | Q4: 5 | R4: 13 | S4: Resigned | T4: 2024-12-27
A5: 303525 | B5: Ali Farooq | C5: Marketing | D5: D05 | E5: Abu Dhabi | F5: L02 | G5: HR Executive | H5: Band 3 | I5: Part-Time | J5: Male | K5: 50+ | L5: 2023-04-29 | M5: 78.82 | N5: 78 | O5: Average | P5: Pending | R5: 16 | S5: Resigned | T5: 2024-01-03
A6: 303527 | B6: Omar Menon | C6: Finance | D6: D03 | E6: Dubai | F6: L01 | G6: Software Engineer | H6: Band 3 | I6: Full-Time | J6: Male | K6: 50+ | L6: 2021-07-13 | M6: 91.05 | N6: 73 | O6: Average | P6: Completed | Q6: 4 | R6: 8 | S6: Active
A7: 303529 | B7: Ahmed Gupta | C7: IT | D7: D04 | E7: Ajman | F7: L04 | G7: HR Executive | H7: Band 1 | I7: Full-Time | J7: Female | K7: 40-49 | L7: 2023-10-07 | M7: 76.71 | N7: 62 | O7: Average | P7: Completed | Q7: 3 | R7: 32 | S7: Active
A8: 303530 | B8: Karim Aziz | C8: IT | D8: D04 | E8: Sharjah | F8: L03 | G8: HR Manager | H8: Band 3 | I8: Part-Time | J8: Male | K8: 20-29 | L8: 2022-04-04 | M8: 90.1 | N8: 88 | O8: Average | P8: Completed | Q8: 3 | S8: Active | U8: 303525
A9: 303534 | B9: Karim Al Falasi | C9: HR | D9: D02 | E9: Sharjah | F9: L03 | G9: HR Executive | H9: Band 3 | I9: Contract | J9: Female | K9: 50+ | L9: 2022-12-21 | M9: 99.87 | N9: 96 | O9: Average | P9: Pending | R9: 20 | S9: Active | U9: 303526
A10: 303538 | B10: Samir Nair | C10: Operations | D10: D06 | E10: Abu Dhabi | F10: L02 | G10: HR Manager | H10: Band 2 | I10: Full-Time | J10: Male | K10: 50+ | L10: 2021-12-17 | M10: 76.15 | N10: 75 | O10: Average | P10: Not Due | R10: 18 | S10: Resigned | T10: 2023-07-27 | U10: 303523
A11: 303543 | B11: Yusuf Joseph | C11: HR | D11: D02 | E11: Al Ain | F11: L05 | G11: Customer Support Agent | H11: Band 4 | I11: Part-Time | J11: Female | K11: 40-49 | L11: 2023-05-16 | M11: 82.84 | N11: 57 | O11: Average | P11: Pending | R11: 7 | S11: Active | U11: 303538
A12: 303544 | B12: Noor Fernandez | C12: Operations | D12: D06 | E12: Al Ain | F12: L05 | G12: HR Executive | H12: Band 2 | I12: Contract | J12: Male | K12: 20-29 | L12: 2023-01-12 | M12: 92.25 | N12: 73 | O12: Average | P12: Pending | R12: 11 | S12: Active | U12: 303525
A13: 303545 | B13: Samir Aziz | C13: Operations | D13: D06 | E13: Al Ain | F13: L05 | G13: Software Engineer | H13: Band 4 | I13: Contract | J13: Female | K13: 40-49 | L13: 2024-01-17 | M13: 76.69 | N13: 70 | O13: Average | P13: Pending | R13: 25 | S13: Active | U13: 303534
A14: 303548 | B14: Sara Sharma | C14: Customer Support | D14: D07 | E14: Al Ain | F14: L05 | G14: HR Manager | H14: Band 1 | I14: Contract | J14: Female | K14: 30-39 | L14: 2024-01-05 | M14: 77.91 | N14: 79 | O14: Average | P14: Not Due | R14: 5 | S14: Active | U14: 303544
A15: 303549 | B15: Nadia Gupta | C15: IT | D15: D04 | E15: Ajman | F15: L04 | G15: IT Support Engineer | H15: Band 2 | I15: Part-Time | J15: Male | K15: 30-39 | L15: 2022-02-05 | M15: 98.69 | N15: 96 | O15: Average | P15: Pending | R15: 15 | S15: Resigned | T15: 2024-06-27 | U15: 303521
A16: 303550 | B16: Mohammed Fernandez | C16: HR | D16: D02 | E16: Abu Dhabi | F16: L02 | G16: Finance Analyst | H16: Band 2 | I16: Contract | J16: Female | K16: 40-49 | L16: 2022-01-15 | M16: 97.86 | N16: 90 | O16: Average | P16: Completed | Q16: 4 | R16: 5 | S16: Terminated | T16: 2024-04-17 | U16: 303533
A17: 303551 | B17: Khalid Khan | C17: Operations | D17: D06 | E17: Ajman | F17: L04 | G17: Sales Manager | H17: Band 2 | I17: Contract | J17: Male | K17: 30-39 | L17: 2021-03-26 | M17: 97 | N17: 93 | O17: Average | P17: Completed | Q17: 3 | R17: 11 | S17: Resigned | T17: 2023-09-30 | U17: 303530
A18: 303552 | B18: Ali Khan | C18: Sales | D18: D01 | E18: Abu Dhabi | F18: L02 | G18: Customer Support Agent | H18: Band 2 | I18: Part-Time | J18: Male | K18: 40-49 | L18: 2021-12-13 | M18: 95.88 | N18: 92 | O18: Average | P18: Pending | R18: 7 | S18: Active | U18: 303527
A19: 303557 | B19: Omar Joseph | C19: Sales | D19: D01 | E19: Dubai | F19: L01 | G19: IT Support Engineer | H19: Band 1 | I19: Full-Time | J19: Female | K19: 30-39 | L19: 2023-04-09 | M19: 83.95 | N19: 51 | O19: Average | P19: Completed | Q19: 4 | R19: 30 | S19: Active | U19: 303551
A20: 303560 | B20: Imran Al Falasi | C20: Operations | D20: D06 | E20: Sharjah | F20: L03 | G20: IT Support Engineer | H20: Band 1 | I20: Contract | J20: Female | K20: 20-29 | L20: 2022-02-08 | M20: 84.76 | N20: 52 | O20: Average | P20: Completed | Q20: 5 | R20: 20 | S20: Active | U20: 303555
A21: 303562 | B21: Ali Fernandez | C21: HR | D21: D02 | E21: Ajman | F21: L04 | G21: Sales Manager | H21: Band 4 | I21: Part-Time | J21: Female | K21: 40-49 | L21: 2021-02-12 | M21: 96.15 | N21: 93 | O21: Average | P21: Not Due | R21: 13 | S21: Resigned | T21: 2023-11-02 | U21: 303550
A22: 303563 | B22: Fatima Haddad | C22: Operations | D22: D06 | E22: Sharjah | F22: L03 | G22: IT Support Engineer | H22: Band 2 | I22: Contract | J22: Male | K22: 50+ | L22: 2022-05-25 | M22: 75.31 | N22: 51 | O22: Average | P22: Completed | Q22: 5 | R22: 13 | S22: Active | U22: 303557
A23: 303564 | B23: Khalid Shaikh | C23: Customer Support | D23: D07 | E23: Dubai | F23: L01 | G23: Marketing Specialist | H23: Band 1 | I23: Contract | J23: Female | K23: 20-29 | L23: 2022-07-09 | M23: 98.92 | N23: 87 | O23: Average | P23: Completed | Q23: 2 | R23: 17 | S23: Active | U23: 303529
A24: 303566 | B24: Layla Rahman | C24: Sales | D24: D01 | E24: Dubai | F24: L01 | G24: IT Support Engineer | H24: Band 1 | I24: Contract | J24: Male | K24: 20-29 | L24: 2022-04-21 | M24: 82.59 | N24: 70 | O24: Average | P24: Completed | Q24: 2 | S24: Terminated | T24: 2024-09-29 | U24: 303552
A25: 303567 | B25: Mariam Al Mansoori | C25: Operations | D25: D06 | E25: Al Ain | F25: L05 | G25: Finance Analyst | H25: Band 3 | I25: Full-Time | J25: Male | K25: 50+ | L25: 2023-10-05 | M25: 81.64 | N25: 72 | O25: Average | P25: Not Due | R25: 14 | S25: Active | U25: 303550
A26: 303568 | B26: Mariam Al Falasi | C26: Operations | D26: D06 | E26: Dubai | F26: L01 | G26: Customer Support Manager | H26: Band 4 | I26: Part-Time | J26: Female | K26: 30-39 | L26: 2022-01-21 | M26: 97.78 | N26: 91 | O26: Average | P26: Not Due | R26: 38 | S26: Active | U26: 303560
A27: 303569 | B27: Mohammed Shaikh | C27: Marketing | D27: D05 | E27: Sharjah | F27: L03 | G27: Sales Manager | H27: Band 2 | I27: Full-Time | J27: Female | K27: 40-49 | L27: 2021-09-16 | M27: 96.07 | N27: 92 | O27: Average | P27: Completed | Q27: 3 | R27: 25 | S27: Active | U27: 303557
A28: 303570 | B28: Sara Fernandez | C28: Operations | D28: D06 | E28: Abu Dhabi | F28: L02 | G28: Customer Support Agent | H28: Band 4 | I28: Contract | J28: Female | K28: 30-39 | L28: 2021-06-01 | M28: 84.74 | N28: 52 | O28: Average | P28: Pending | R28: 13 | S28: Active | U28: 303525
A29: 303572 | B29: Aisha Al Mansoori | C29: Customer Support | D29: D07 | E29: Sharjah | F29: L03 | G29: Marketing Specialist | H29: Band 4 | I29: Part-Time | J29: Female | K29: 20-29 | L29: 2024-03-28 | M29: 97.35 | N29: 90 | O29: Average | P29: Completed | Q29: 2 | R29: 32 | S29: Active | U29: 303564
A30: 303573 | B30: Samir Al Falasi | C30: Finance | D30: D03 | E30: Dubai | F30: L01 | G30: HR Executive | H30: Band 1 | I30: Contract | J30: Male | K30: 40-49 | L30: 2022-05-23 | M30: 93.51 | N30: 73 | O30: Average | P30: Completed | Q30: 3 | R30: 10 | S30: Active | U30: 303526
A31: 303575 | B31: Fatima Hussain | C31: Customer Support | D31: D07 | E31: Sharjah | F31: L03 | G31: Accountant | H31: Band 2 | I31: Part-Time | J31: Male | K31: 50+ | L31: 2024-01-14 | M31: 97.36 | N31: 90 | O31: Average | P31: Completed | Q31: 5 | R31: 7 | S31: Terminated | T31: 2024-11-23 | U31: 303543
A32: 303578 | B32: Yusuf Haddad | C32: IT | D32: D04 | E32: Sharjah | F32: L03 | G32: Operations Coordinator | H32: Band 1 | I32: Full-Time | J32: Male | K32: 30-39 | L32: 2021-07-16 | M32: 88.17 | N32: 90 | O32: Average | P32: Completed | Q32: 4 | R32: 17 | S32: Resigned | T32: 2023-01-01 | U32: 303544
A33: 303579 | B33: Noor Al Mansoori | C33: IT | D33: D04 | E33: Ajman | F33: L04 | G33: Customer Support Agent | H33: Band 2 | I33: Contract | J33: Male | K33: 40-49 | L33: 2022-12-15 | M33: 79.2 | N33: 73 | O33: Average | P33: Not Due | R33: 15 | S33: Active | U33: 303563
A34: 303580 | B34: Samir Sharma | C34: Customer Support | D34: D07 | E34: Dubai | F34: L01 | G34: Finance Analyst | H34: Band 4 | I34: Full-Time | J34: Female | K34: 50+ | L34: 2021-08-03 | M34: 99.94 | N34: 97 | O34: Average | P34: Not Due | S34: Terminated | T34: 2022-02-06 | U34: 303559
A35: 303582 | B35: Mariam Gupta | C35: Finance | D35: D03 | E35: Sharjah | F35: L03 | G35: Sales Executive | H35: Band 1 | I35: Part-Time | J35: Male | K35: 30-39 | L35: 2021-06-22 | M35: 88.89 | N35: 82 | O35: Average | P35: Completed | Q35: 3 | R35: 33 | S35: Active | U35: 303529
A36: 303585 | B36: Yusuf D'Souza | C36: Marketing | D36: D05 | E36: Al Ain | F36: L05 | G36: Customer Support Manager | H36: Band 2 | I36: Part-Time | J36: Male | K36: 40-49 | L36: 2023-04-20 | M36: 81.39 | N36: 72 | O36: Average | P36: Completed | Q36: 2 | R36: 34 | S36: Active | U36: 303520
A37: 303586 | B37: Mariam Fernandez | C37: Marketing | D37: D05 | E37: Dubai | F37: L01 | G37: Finance Analyst | H37: Band 4 | I37: Contract | J37: Male | K37: 50+ | L37: 2024-02-21 | M37: 89.96 | N37: 88 | O37: Average | P37: Completed | Q37: 3 | R37: 24 | S37: Active | U37: 303539
A38: 303587 | B38: Yusuf Menon | C38: Finance | D38: D03 | E38: Al Ain | F38: L05 | G38: HR Executive | H38: Band 2 | I38: Full-Time | J38: Female | K38: 30-39 | L38: 2022-05-23 | M38: 83.31 | N38: 59 | O38: Average | P38: Pending | R38: 12 | S38: Active | U38: 303546
A39: 303588 | B39: Zaid Aziz | C39: Operations | D39: D06 | E39: Dubai | F39: L01 | G39: Accountant | H39: Band 4 | I39: Contract | J39: Female | K39: 20-29 | L39: 2022-11-04 | M39: 96.32 | N39: 87 | O39: Average | P39: Completed | Q39: 5 | R39: 38 | S39: Active | U39: 303534
A40: 303589 | B40: Samir Rahman | C40: Sales | D40: D01 | E40: Sharjah | F40: L03 | G40: Accountant | H40: Band 4 | I40: Full-Time | J40: Female | K40: 30-39 | L40: 2023-03-13 | M40: 82.1 | N40: 71 | O40: Average | P40: Not Due | R40: 17 | S40: Active | U40: 303552
A41: 303591 | B41: Layla Menon | C41: Customer Support | D41: D07 | E41: Sharjah | F41: L03 | G41: HR Executive | H41: Band 1 | I41: Contract | J41: Male | K41: 20-29 | L41: 2021-09-26 | M41: 80.17 | N41: 78 | O41: Average | P41: Completed | Q41: 4 | R41: 17 | S41: Active | U41: 303561
A42: 303593 | B42: Zaid Shaikh | C42: Sales | D42: D01 | E42: Ajman | F42: L04 | G42: Accountant | H42: Band 3 | I42: Part-Time | J42: Female | K42: 20-29 | L42: 2021-06-16 | M42: 87.77 | N42: 86 | O42: Average | P42: Completed | Q42: 4 | R42: 25 | S42: Active | U42: 303567
A43: 303594 | B43: Aisha Shaikh | C43: Customer Support | D43: D07 | E43: Abu Dhabi | F43: L02 | G43: Software Engineer | H43: Band 3 | I43: Contract | J43: Female | K43: 50+ | L43: 2022-06-15 | M43: 91.25 | N43: 89 | O43: Average | P43: Completed | Q43: 5 | R43: 26 | S43: Active | U43: 303587
A44: 303600 | B44: Ahmed Al Nuaimi | C44: Operations | D44: D06 | E44: Al Ain | F44: L05 | G44: Marketing Specialist | H44: Band 1 | I44: Part-Time | J44: Female | K44: 20-29 | L44: 2022-05-11 | M44: 90.99 | N44: 89 | O44: Average | P44: Completed | Q44: 2 | R44: 18 | S44: Active | U44: 303556
A45: 303601 | B45: Khalid Al Nuaimi | C45: Finance | D45: D03 | E45: Al Ain | F45: L05 | G45: Marketing Specialist | H45: Band 1 | I45: Full-Time | J45: Male | K45: 20-29 | L45: 2022-07-30 | M45: 84.72 | N45: 67 | O45: Average | P45: Not Due | S45: Active | U45: 303560
A46: 303602 | B46: Mohammed Khan | C46: Marketing | D46: D05 | E46: Al Ain | F46: L05 | G46: Sales Executive | H46: Band 1 | I46: Contract | J46: Female | K46: 50+ | L46: 2023-07-18 | M46: 80.91 | N46: 78 | O46: Average | P46: Completed | Q46: 2 | R46: 8 | S46: Active | U46: 303555
A47: 303603 | B47: Sara Sharma | C47: Finance | D47: D03 | E47: Abu Dhabi | F47: L02 | G47: HR Manager | H47: Band 2 | I47: Contract | J47: Female | K47: 30-39 | L47: 2023-03-24 | M47: 99.97 | N47: 85 | O47: Average | P47: Pending | R47: 11 | S47: Active | U47: 303572
A48: 303610 | B48: Samir Khan | C48: Operations | D48: D06 | E48: Sharjah | F48: L03 | G48: Customer Support Manager | H48: Band 1 | I48: Full-Time | J48: Male | K48: 20-29 | L48: 2021-07-29 | M48: 97.94 | N48: 94 | O48: Average | P48: Completed | Q48: 4 | R48: 26 | S48: Active | U48: 303602
A49: 303611 | B49: Ali Fernandez | C49: Operations | D49: D06 | E49: Dubai | F49: L01 | G49: Finance Analyst | H49: Band 2 | I49: Part-Time | J49: Male | K49: 20-29 | L49: 2022-10-17 | M49: 94.93 | N49: 76 | O49: Average | P49: Pending | R49: 25 | S49: Active | U49: 303524
A50: 303612 | B50: Rashid Patel | C50: Operations | D50: D06 | E50: Dubai | F50: L01 | G50: Sales Executive | H50: Band 4 | I50: Contract | J50: Male | K50: 50+ | L50: 2023-05-23 | M50: 80.81 | N50: 58 | O50: Average | P50: Completed | Q50: 5 | R50: 12 | S50: Active | U50: 303602
A51: 303613 | B51: Zaid Khan | C51: Marketing | D51: D05 | E51: Ajman | F51: L04 | G51: Customer Support Agent | H51: Band 1 | I51: Contract | J51: Female | K51: 50+ | L51: 2023-08-13 | M51: 90.95 | N51: 87 | O51: Average | P51: Completed | Q51: 3 | R51: 14 | S51: Active | U51: 303611
A52: 303614 | B52: Ali Nair | C52: Customer Support | D52: D07 | E52: Sharjah | F52: L03 | G52: Customer Support Manager | H52: Band 3 | I52: Full-Time | J52: Female | K52: 30-39 | L52: 2022-01-25 | M52: 96.14 | N52: 85 | O52: Average | P52: Completed | Q52: 2 | R52: 18 | S52: Active | U52: 303612
A53: 303616 | B53: Zaid Joseph | C53: IT | D53: D04 | E53: Ajman | F53: L04 | G53: Sales Manager | H53: Band 2 | I53: Contract | J53: Male | K53: 50+ | L53: 2021-11-19 | M53: 85.73 | N53: 82 | O53: Average | P53: Completed | Q53: 5 | R53: 9 | S53: Active | U53: 303576
A54: 303618 | B54: Sara Shaikh | C54: Sales | D54: D01 | E54: Al Ain | F54: L05 | G54: Finance Analyst | H54: Band 4 | I54: Full-Time | J54: Male | K54: 30-39 | L54: 2023-11-28 | M54: 95.25 | N54: 95 | O54: Average | P54: Completed | Q54: 2 | R54: 26 | S54: Resigned | T54: 2026-05-21 | U54: 303585
A55: 303619 | B55: Ali Shaikh | C55: IT | D55: D04 | E55: Dubai | F55: L01 | G55: Finance Analyst | H55: Band 4 | I55: Part-Time | J55: Male | K55: 50+ | L55: 2021-07-24 | M55: 75.93 | N55: 55 | O55: Average | P55: Completed | Q55: 2 | R55: 29 | S55: Active | U55: 303574
A56: 303620 | B56: Mohammed Al Nuaimi | C56: IT | D56: D04 | E56: Dubai | F56: L01 | G56: Finance Analyst | H56: Band 2 | I56: Full-Time | J56: Female | K56: 40-49 | L56: 2021-09-05 | M56: 79.88 | N56: 66 | O56: Average | P56: Pending | R56: 19 | S56: Active | U56: 303538
A57: 303621 | B57: Nadia Nair | C57: Operations | D57: D06 | E57: Ajman | F57: L04 | G57: Customer Support Manager | H57: Band 3 | I57: Contract | J57: Female | K57: 40-49 | L57: 2022-11-24 | M57: 80.73 | N57: 51 | O57: Average | P57: Completed | Q57: 3 | R57: 28 | S57: Active | U57: 303551
A58: 303622 | B58: Bilal Fernandez | C58: IT | D58: D04 | E58: Dubai | F58: L01 | G58: Accountant | H58: Band 3 | I58: Contract | J58: Female | K58: 50+ | L58: 2024-04-09 | M58: 76.53 | N58: 67 | O58: Average | P58: Not Due | R58: 15 | S58: Active | U58: 303617
A59: 303623 | B59: Samir Shaikh | C59: Finance | D59: D03 | E59: Dubai | F59: L01 | G59: Sales Executive | H59: Band 1 | I59: Full-Time | J59: Male | K59: 50+ | L59: 2022-10-27 | M59: 96.64 | N59: 93 | O59: Average | P59: Pending | R59: 12 | S59: Resigned | T59: 2024-03-15 | U59: 303549
A60: 303627 | B60: Zaid Al Nuaimi | C60: Customer Support | D60: D07 | E60: Dubai | F60: L01 | G60: Software Engineer | H60: Band 1 | I60: Full-Time | J60: Female | K60: 20-29 | L60: 2021-10-27 | M60: 90.78 | N60: 85 | O60: Average | P60: Completed | Q60: 2 | R60: 6 | S60: Active | U60: 303526
A61: 303628 | B61: Khalid Joseph | C61: Operations | D61: D06 | E61: Al Ain | F61: L05 | G61: Finance Analyst | H61: Band 1 | I61: Contract | J61: Female | K61: 50+ | L61: 2022-11-15 | M61: 96.99 | N61: 85 | O61: Average | P61: Completed | Q61: 2 | R61: 35 | S61: Active | U61: 303620
A62: 303629 | B62: Mohammed D'Souza | C62: Finance | D62: D03 | E62: Ajman | F62: L04 | G62: Software Engineer | H62: Band 2 | I62: Full-Time | J62: Male | K62: 30-39 | L62: 2023-10-20 | M62: 87.11 | N62: 90 | O62: Average | P62: Completed | Q62: 4 | R62: 25 | S62: Active | U62: 303558
A63: 303631 | B63: Nadia Menon | C63: Finance | D63: D03 | E63: Abu Dhabi | F63: L02 | G63: HR Executive | H63: Band 2 | I63: Full-Time | J63: Male | K63: 50+ | L63: 2022-01-19 | M63: 92.61 | N63: 75 | O63: Average | P63: Completed | Q63: 3 | R63: 39 | S63: Active | U63: 303579
A64: 303632 | B64: Khalid Sharma | C64: IT | D64: D04 | E64: Ajman | F64: L04 | G64: Customer Support Agent | H64: Band 2 | I64: Part-Time | J64: Male | K64: 20-29 | L64: 2023-10-07 | M64: 77.44 | N64: 60 | O64: Average | P64: Completed | Q64: 4 | R64: 40 | S64: Active | U64: 303558
A65: 303633 | B65: Omar Khan | C65: Sales | D65: D01 | E65: Al Ain | F65: L05 | G65: Software Engineer | H65: Band 4 | I65: Part-Time | J65: Female | K65: 20-29 | L65: 2023-02-02 | M65: 97.8 | N65: 88 | O65: Average | P65: Not Due | R65: 31 | S65: Active | U65: 303557
A66: 303641 | B66: Noor Shaikh | C66: HR | D66: D02 | E66: Sharjah | F66: L03 | G66: Sales Manager | H66: Band 1 | I66: Full-Time | J66: Male | K66: 20-29 | L66: 2022-08-29 | M66: 90.09 | N66: 85 | O66: Average | P66: Completed | Q66: 3 | R66: 28 | S66: Active | U66: 303604
A67: 303643 | B67: Noor Hussain | C67: Finance | D67: D03 | E67: Abu Dhabi | F67: L02 | G67: HR Executive | H67: Band 1 | I67: Contract | J67: Female | K67: 20-29 | L67: 2021-04-04 | M67: 88.41 | N67: 75 | O67: Average | P67: Completed | Q67: 5 | R67: 26 | S67: Active | U67: 303640
A68: 303644 | B68: Layla Menon | C68: Sales | D68: D01 | E68: Sharjah | F68: L03 | G68: Marketing Specialist | H68: Band 2 | I68: Full-Time | J68: Female | K68: 50+ | L68: 2023-04-11 | M68: 99.94 | N68: 90 | O68: Average | P68: Completed | Q68: 2 | R68: 28 | S68: Active | U68: 303636
A69: 303647 | B69: Samir Fernandez | C69: Sales | D69: D01 | E69: Sharjah | F69: L03 | G69: Finance Analyst | H69: Band 3 | I69: Contract | J69: Male | K69: 40-49 | L69: 2022-10-23 | M69: 90.58 | N69: 72 | O69: Average | P69: Completed | Q69: 5 | R69: 16 | S69: Active | U69: 303532
A70: 303648 | B70: Bilal Farooq | C70: HR | D70: D02 | E70: Dubai | F70: L01 | G70: Software Engineer | H70: Band 1 | I70: Full-Time | J70: Female | K70: 20-29 | L70: 2022-11-05 | M70: 79.01 | N70: 76 | O70: Average | P70: Completed | Q70: 2 | R70: 15 | S70: Active | U70: 303557
A71: 303650 | B71: Nadia Gupta | C71: Finance | D71: D03 | E71: Ajman | F71: L04 | G71: HR Manager | H71: Band 2 | I71: Full-Time | J71: Male | K71: 20-29 | L71: 2022-08-18 | M71: 95.43 | N71: 85 | O71: Average | P71: Not Due | R71: 37 | S71: Active | U71: 303527
A72: 303651 | B72: Mohammed Hussain | C72: Marketing | D72: D05 | E72: Sharjah | F72: L03 | G72: Customer Support Manager | H72: Band 1 | I72: Full-Time | J72: Female | K72: 50+ | L72: 2021-04-18 | M72: 79.05 | N72: 52 | O72: Average | P72: Not Due | R72: 16 | S72: Active | U72: 303536
A73: 303652 | B73: Rashid Khan | C73: Customer Support | D73: D07 | E73: Al Ain | F73: L05 | G73: Sales Executive | H73: Band 2 | I73: Part-Time | J73: Male | K73: 30-39 | L73: 2024-01-16 | M73: 79.88 | N73: 78 | O73: Average | P73: Pending | S73: Active | U73: 303636
A74: 303653 | B74: Ali Menon | C74: Finance | D74: D03 | E74: Abu Dhabi | F74: L02 | G74: HR Manager | H74: Band 3 | I74: Part-Time | J74: Female | K74: 30-39 | L74: 2022-10-25 | M74: 95.12 | N74: 85 | O74: Average | P74: Not Due | R74: 36 | S74: Resigned | T74: 2024-04-04 | U74: 303613
A75: 303655 | B75: Ali Patel | C75: Finance | D75: D03 | E75: Abu Dhabi | F75: L02 | G75: Finance Analyst | H75: Band 3 | I75: Full-Time | J75: Male | K75: 20-29 | L75: 2022-07-02 | M75: 85.17 | N75: 78 | O75: Average | P75: Not Due | R75: 24 | S75: Active | U75: 303646
A76: 303658 | B76: Mohammed Nair | C76: HR | D76: D02 | E76: Sharjah | F76: L03 | G76: Software Engineer | H76: Band 1 | I76: Full-Time | J76: Female | K76: 40-49 | L76: 2023-03-18 | M76: 94.09 | N76: 86 | O76: Average | P76: Completed | Q76: 3 | S76: Active | U76: 303634
A77: 303659 | B77: Fatima Hussain | C77: Marketing | D77: D05 | E77: Sharjah | F77: L03 | G77: IT Support Engineer | H77: Band 4 | I77: Full-Time | J77: Male | K77: 30-39 | L77: 2022-08-27 | M77: 96.66 | N77: 86 | O77: Average | P77: Completed | Q77: 5 | R77: 31 | S77: Active | U77: 303550
A78: 303660 | B78: Samir Aziz | C78: Operations | D78: D06 | E78: Ajman | F78: L04 | G78: Sales Manager | H78: Band 2 | I78: Contract | J78: Female | K78: 30-39 | L78: 2024-02-18 | M78: 90.81 | N78: 79 | O78: Average | P78: Not Due | R78: 24 | S78: Resigned | T78: 2026-01-04 | U78: 303613
A79: 303663 | B79: Aisha Al Mansoori | C79: IT | D79: D04 | E79: Sharjah | F79: L03 | G79: Sales Executive | H79: Band 1 | I79: Contract | J79: Female | K79: 40-49 | L79: 2022-03-06 | M79: 85.34 | N79: 81 | O79: Average | P79: Completed | Q79: 4 | R79: 17 | S79: Active | U79: 303596
A80: 303667 | B80: Khalid Khan | C80: Customer Support | D80: D07 | E80: Al Ain | F80: L05 | G80: Customer Support Manager | H80: Band 4 | I80: Contract | J80: Male | K80: 50+ | L80: 2022-11-05 | M80: 98.28 | N80: 92 | O80: Average | P80: Completed | Q80: 2 | R80: 34 | S80: Active | U80: 303595
A81: 303668 | B81: Hassan Farooq | C81: Operations | D81: D06 | E81: Abu Dhabi | F81: L02 | G81: IT Support Engineer | H81: Band 2 | I81: Full-Time | J81: Female | K81: 50+ | L81: 2022-05-06 | M81: 98.56 | N81: 94 | O81: Average | P81: Completed | Q81: 4 | R81: 20 | S81: Active | U81: 303660
A82: 303670 | B82: Fatima Nair | C82: Finance | D82: D03 | E82: Ajman | F82: L04 | G82: IT Support Engineer | H82: Band 2 | I82: Full-Time | J82: Male | K82: 50+ | L82: 2021-10-06 | M82: 81.78 | N82: 50 | O82: Average | P82: Completed | Q82: 5 | R82: 16 | S82: Active | U82: 303585
A83: 303671 | B83: Nadia Gupta | C83: Sales | D83: D01 | E83: Dubai | F83: L01 | G83: HR Executive | H83: Band 3 | I83: Full-Time | J83: Male | K83: 30-39 | L83: 2023-11-17 | M83: 99.98 | N83: 89 | O83: Average | P83: Completed | Q83: 4 | R83: 38 | S83: Resigned | T83: 2025-02-08 | U83: 303533
A84: 303673 | B84: Rashid Shaikh | C84: Sales | D84: D01 | E84: Sharjah | F84: L03 | G84: Finance Analyst | H84: Band 3 | I84: Full-Time | J84: Male | K84: 50+ | L84: 2022-12-26 | M84: 85.29 | N84: 85 | O84: Average | P84: Completed | Q84: 5 | R84: 28 | S84: Resigned | T84: 2023-08-27 | U84: 303585
A85: 303674 | B85: Aisha Haddad | C85: HR | D85: D02 | E85: Sharjah | F85: L03 | G85: HR Executive | H85: Band 2 | I85: Contract | J85: Female | K85: 40-49 | L85: 2023-07-30 | M85: 78.62 | N85: 54 | O85: Average | P85: Completed | Q85: 4 | R85: 14 | S85: Resigned | T85: 2024-08-15 | U85: 303670
A86: 303675 | B86: Layla Al Mansoori | C86: Operations | D86: D06 | E86: Abu Dhabi | F86: L02 | G86: HR Executive | H86: Band 3 | I86: Full-Time | J86: Male | K86: 50+ | L86: 2023-04-14 | M86: 96.45 | N86: 88 | O86: Average | P86: Completed | Q86: 3 | R86: 40 | S86: Active | U86: 303528
A87: 303679 | B87: Ahmed Patel | C87: IT | D87: D04 | E87: Sharjah | F87: L03 | G87: Customer Support Manager | H87: Band 1 | I87: Part-Time | J87: Male | K87: 50+ | L87: 2022-09-22 | M87: 76.18 | N87: 62 | O87: Average | P87: Completed | Q87: 4 | S87: Active | U87: 303525
A88: 303680 | B88: Karim Haddad | C88: Operations | D88: D06 | E88: Dubai | F88: L01 | G88: Sales Executive | H88: Band 2 | I88: Contract | J88: Male | K88: 50+ | L88: 2021-12-31 | M88: 96.99 | N88: 100 | O88: Average | P88: Pending | R88: 38 | S88: Active | U88: 303604
A89: 303683 | B89: Mariam Haddad | C89: IT | D89: D04 | E89: Al Ain | F89: L05 | G89: Customer Support Agent | H89: Band 3 | I89: Full-Time | J89: Male | K89: 40-49 | L89: 2021-03-10 | M89: 85.7 | N89: 88 | O89: Average | P89: Not Due | R89: 23 | S89: Active | U89: 303636
A90: 303684 | B90: Nadia Rahman | C90: HR | D90: D02 | E90: Ajman | F90: L04 | G90: Finance Analyst | H90: Band 4 | I90: Part-Time | J90: Female | K90: 40-49 | L90: 2023-03-22 | M90: 89.58 | N90: 72 | O90: Average | P90: Completed | Q90: 2 | S90: Active | U90: 303611
A91: 303685 | B91: Omar Menon | C91: Marketing | D91: D05 | E91: Ajman | F91: L04 | G91: Accountant | H91: Band 1 | I91: Part-Time | J91: Male | K91: 20-29 | L91: 2021-04-29 | M91: 99.74 | N91: 92 | O91: Average | P91: Completed | Q91: 4 | R91: 35 | S91: Active | U91: 303563
A92: 303686 | B92: Omar Fernandez | C92: Sales | D92: D01 | E92: Al Ain | F92: L05 | G92: Finance Analyst | H92: Band 1 | I92: Part-Time | J92: Male | K92: 20-29 | L92: 2021-04-19 | M92: 90.69 | N92: 73 | O92: Average | P92: Completed | Q92: 4 | R92: 32 | S92: Resigned | T92: 2021-12-03 | U92: 303592
A93: 303687 | B93: Bilal Gupta | C93: Operations | D93: D06 | E93: Abu Dhabi | F93: L02 | G93: HR Executive | H93: Band 3 | I93: Full-Time | J93: Male | K93: 50+ | L93: 2024-01-08 | M93: 81.35 | N93: 73 | O93: Average | P93: Pending | R93: 8 | S93: Active | U93: 303654
A94: 303688 | B94: Fatima Al Falasi | C94: IT | D94: D04 | E94: Sharjah | F94: L03 | G94: Sales Manager | H94: Band 2 | I94: Contract | J94: Female | K94: 40-49 | L94: 2024-02-26 | M94: 99.12 | N94: 96 | O94: Average | P94: Completed | Q94: 2 | R94: 12 | S94: Active | U94: 303665
A95: 303689 | B95: Layla Patel | C95: Marketing | D95: D05 | E95: Abu Dhabi | F95: L02 | G95: HR Manager | H95: Band 2 | I95: Full-Time | J95: Female | K95: 50+ | L95: 2021-11-20 | M95: 90.08 | N95: 75 | O95: Average | P95: Completed | Q95: 3 | R95: 32 | S95: Resigned | T95: 2022-08-12 | U95: 303570
A96: 303690 | B96: Yusuf Sharma | C96: Operations | D96: D06 | E96: Sharjah | F96: L03 | G96: Sales Executive | H96: Band 1 | I96: Full-Time | J96: Male | K96: 50+ | L96: 2023-12-13 | M96: 87.2 | N96: 84 | O96: Average | P96: Completed | Q96: 3 | S96: Active | U96: 303637
A97: 303691 | B97: Imran Farooq | C97: IT | D97: D04 | E97: Dubai | F97: L01 | G97: Customer Support Manager | H97: Band 3 | I97: Contract | J97: Male | K97: 50+ | L97: 2023-10-04 | M97: 84.54 | N97: 50 | O97: Average | P97: Completed | Q97: 3 | R97: 23 | S97: Resigned | T97: 2024-08-15 | U97: 303646
A98: 303692 | B98: Bilal Menon | C98: Operations | D98: D06 | E98: Dubai | F98: L01 | G98: Software Engineer | H98: Band 2 | I98: Full-Time | J98: Male | K98: 20-29 | L98: 2021-09-20 | M98: 78.52 | N98: 74 | O98: Average | P98: Pending | R98: 7 | S98: Active | U98: 303667
A99: 303694 | B99: Karim Gupta | C99: Customer Support | D99: D07 | E99: Sharjah | F99: L03 | G99: HR Executive | H99: Band 1 | I99: Part-Time | J99: Female | K99: 30-39 | L99: 2022-03-24 | M99: 94.69 | N99: 86 | O99: Average | P99: Pending | R99: 29 | S99: Active | U99: 303591
A100: 303695 | B100: Imran Khan | C100: Customer Support | D100: D07 | E100: Abu Dhabi | F100: L02 | G100: IT Support Engineer | H100: Band 3 | I100: Full-Time | J100: Female | K100: 30-39 | L100: 2022-08-28 | M100: 77.08 | N100: 74 | O100: Average | P100: Not Due | R100: 15 | S100: Active | U100: 303624
A101: 303696 | B101: Layla Rahman | C101: Marketing | D101: D05 | E101: Abu Dhabi | F101: L02 | G101: IT Support Engineer | H101: Band 3 | I101: Contract | J101: Female | K101: 50+ | L101: 2023-04-22 | M101: 84.67 | N101: 70 | O101: Average | P101: Completed | Q101: 3 | R101: 20 | S101: Active | U101: 303613
...

Sheet PIVOT TABLE
B4: Row Labels | C4: Count of Job_Title | D4: Row Labels | E4: Count of Employee_Name
B5: Customer Support | C5: 350 | D5: Female | E5: 1224
B6: Finance | C6: 342 | D6: Male | E6: 1276 | R6: Age_Group | S6: (All)
B7: HR | C7: 337 | D7: Grand Total | E7: 2500 | M7: Department_name | N7: (All)
B8: IT | C8: 375 | R8: Row Labels | S8: Count of Employee_Name
B9: Marketing | C9: 367 | M9: Row Labels | N9: Count of Performance_Level | R9: Accountant | S9: 204
B10: Operations | C10: 369 | D10: Row Labels | E10: Count of Employee_Name | M10: Band 1 | N10: 600 | R10: Customer Support Agent | S10: 211
B11: Sales | C11: 360 | D11: Abu Dhabi | E11: 495 | M11: Band 2 | N11: 647 | R11: Customer Support Manager | S11: 201
B12: Grand Total | C12: 2500 | D12: Ajman | E12: 482 | M12: Band 3 | N12: 597 | R12: Finance Analyst | S12: 213
D13: Al Ain | E13: 539 | M13: Band 4 | N13: 656 | R13: HR Executive | S13: 213
D14: Dubai | E14: 507 | M14: Grand Total | N14: 2500 | R14: HR Manager | S14: 190
B15: Row Labels | C15: Sum of Manager_Rating | D15: Sharjah | E15: 477 | R15: IT Support Engineer | S15: 207
B16: Customer Support | C16: 911 | D16: Grand Total | E16: 2500 | R16: Marketing Specialist | S16: 212
B17: Finance | C17: 842 | R17: Operations Coordinator | S17: 188
B18: HR | C18: 884 | D18: Row Labels | E18: Sum of Training_Hours | R18: Sales Executive | S18: 226
B19: IT | C19: 957 | D19: Average | E19: 24802 | R19: Sales Manager | S19: 215
B20: Marketing | C20: 938 | D20: High | E20: 14366 | J20: Row Labels | K20: Count of Department_name | R20: Software Engineer | S20: 220 | U20: Hire_Date | V20: (All)
B21: Operations | C21: 927 | D21: Low | E21: 10662 | J21: Active | K21: 1899 | R21: Grand Total | S21: 2500
B22: Sales | C22: 873 | D22: Grand Total | E22: 49830 | J22: Resigned | K22: 480 | U22: Row Labels | V22: Count of Gender
B23: Grand Total | C23: 6332 | J23: Terminated | K23: 121 | U23: Accountant | V23: 204
J24: Grand Total | K24: 2500 | O24: Row Labels | P24: Sum of Performance_Score | U24: Customer Support Agent | V24: 211
O25: Average | P25: 95685 | U25: Customer Support Manager | V25: 201
O26: High | P26: 61958 | U26: Finance Analyst | V26: 213
M27: Department_name | N27: (All) | O27: Low | P27: 33561 | U27: HR Executive | V27: 213
O28: Grand Total | P28: 191204 | U28: HR Manager | V28: 190
E29: Row Labels | F29: Sum of Employee_ID | M29: Row Labels | N29: Count of Job_Title | U29: IT Support Engineer | V29: 207
E30: Active | F30: 578759488 | M30: Active | N30: 1899 | U30: Marketing Specialist | V30: 212
E31: Resigned | F31: 146280776 | M31: Resigned | N31: 480 | U31: Operations Coordinator | V31: 188
E32: Terminated | F32: 36883486 | M32: Terminated | N32: 121 | U32: Sales Executive | V32: 226
E33: Grand Total | F33: 761923750 | M33: Grand Total | N33: 2500 | U33: Sales Manager | V33: 215
U34: Software Engineer | V34: 220
U35: Grand Total | V35: 2500
B36: Row Labels | C36: Average of Training_Hours
B37: Active | C37: 22.555622
B38: Resigned | C38: 22.340426
B39: Terminated | C39: 23.92233
B40: Grand Total | C40: 22.57816
B47: Row Labels | C47: Sum of Performance_Score | G47: Age_Group | H47: (All)
B48: Active | C48: 145324
B49: Resigned | C49: 36780 | G49: Row Labels | H49: Count of Employment_Type
B50: Terminated | C50: 9100 | G50: Active | H50: 1899
B51: Grand Total | C51: 191204 | G51: Resigned | H51: 480
G52: Terminated | H52: 121
G53: Grand Total | H53: 2500
A61: Department_name | B61: (All) | C61: Row Labels | D61: Count of Attrition_status
C62: Female | D62: 1224
A63: Row Labels | B63: Count of Employment_Type | C63: Male | D63: 1276
A64: Active | B64: 1899 | C64: Grand Total | D64: 2500
A65: Resigned | B65: 480
A66: Terminated | B66: 121
A67: Grand Total | B67: 2500
B77: Row Labels | C77: Count of Attrition_status
B78: Band 1 | C78: 600
B79: Band 2 | C79: 647
B80: Band 3 | C80: 597
B81: Band 4 | C81: 656
B82: Grand Total | C82: 2500
E84: Row Labels | F84: Count of Attrition_status
E85: Abu Dhabi | F85: 112
E86: Resigned | F86: 93
E87: Terminated | F87: 19
E88: Ajman | F88: 106
E89: Resigned | F89: 86
E90: Terminated | F90: 20
E91: Al Ain | F91: 134
E92: Resigned | F92: 113
E93: Terminated | F93: 21
E94: Dubai | F94: 128
E95: Resigned | F95: 96
E96: Terminated | F96: 32
... E98: Resigned | F98: 92
E99: Terminated | F99: 29 | K99: Row Labels | L99: Count of Attrition_status
E100: Grand Total | F100: 601 | K100: Average | L100: 290
K101: Resigned | L101: 229
K102: Terminated | L102: 61
K103: High | L103: 187
K104: Resigned | L104: 153
K105: Terminated | L105: 34
K106: Low | L106: 124
K107: Resigned | L107: 98
K108: Terminated | L108: 26
K109: Grand Total | L109: 601
A111: Row Labels | B111: Average of Attendance_Rate_Percent
A112: Average | B112: 87.566875
A113: Active | B113: 87.549542
A114: Resigned | B114: 87.774847
A115: Terminated | B115: 87.05918
A116: High | B116: 92.87776
A117: Active | B117: 92.846826
A118: Resigned | B118: 92.972549
A119: Terminated | B119: 92.947059
A120: Low | B120: 79.950638
A121: Active | B121: 79.851018 | L121: Salary Band | M121: Attrition Rate
A122: Resigned | B122: 80.413469 | D122: Count of Employee_ID | E122: Column Labels | L122: Band 1 | M122: 0.25
A123: Terminated | B123: 79.711923 | D123: Row Labels | E123: Active | F123: Resigned | G123: Terminated | H123: Grand Total | I123: Attrition rate | L123: Band 2 | M123: 0.24
A124: Grand Total | B124: 87.546864 | D124: Band 1 | E124: 448 | F124: 122 | G124: 30 | H124: 600 | I124: =(F124+G124)/H124 -> 0.25333333 | L124: Band 3 | M124: 0.23
D125: Band 2 | E125: 491 | F125: 134 | G125: 22 | H125: 647 | I125: =(F125+G125)/H125 -> 0.24111283 | L125: Band 4 | M125: 0.24
D126: Band 3 | E126: 459 | F126: 109 | G126: 29 | H126: 597 | I126: =(F126+G126)/H126 -> 0.23115578
D127: Band 4 | E127: 501 | F127: 115 | G127: 40 | H127: 656 | I127: =(F127+G127)/H127 -> 0.23628049
D128: Grand Total | E128: 1899 | F128: 480 | G128: 121 | H128: 2500
...

Sheet male female count
A3: Row Labels | B3: Count of Gender
A4: Female | B4: 1224
A5: Male | B5: 1276
A6: Grand Total | B6: 2500

Sheet Locations
A1: Location_ID | B1: Office_Location
A2: L01 | B2: Dubai
A3: L02 | B3: Abu Dhabi
A4: L03 | B4: Sharjah
A5: L04 | B5: Ajman
A6: L05 | B6: Al Ain

Sheet DASHBOARD
